program_id,datetime,star,user,result,time,memory,language,problem_code,uses recursion,uses iteration
34852056,08:44 PM 28/06/20,4,crusher5371,accepted,0.00,10.5M,C++17,ECJN202,0,0
34852073,08:45 PM 28/06/20,5,akil_av17,accepted,0.05,2133M,JAVA,ECJN202,0,0
34852106,08:47 PM 28/06/20,3,hackervivek123,accepted,0.00,26M,C++14,ECJN202,true,true
34852142,08:49 PM 28/06/20,2,niteshguptaktl,accepted,0.00,14.9M,C++14,ECJN202,false,true
34852231,08:53 PM 28/06/20,2,sindal_01,wrong answer,0.00,14.9M,C++14,ECJN202,false,true
34852241,08:54 PM 28/06/20,1,paras__2000,accepted,0.01,17.6M,PYTH 3.6,ECJN202,0,0
34852340,08:59 PM 28/06/20,2,sindal_01,wrong answer,0.00,14.9M,C++14,ECJN202,false,true
34852354,09:00 PM 28/06/20,1,aditya029,accepted,0.00,14.9M,C++14,ECJN202,false,true
34852374,09:01 PM 28/06/20,2,sindal_01,wrong answer,0.00,14.9M,C++14,ECJN202,false,true
34852388,09:02 PM 28/06/20,2,sindal_01,wrong answer,0.00,14.9M,C++14,ECJN202,false,true
34852415,09:03 PM 28/06/20,2,sindal_01,wrong answer,0.00,14.9M,C++14,ECJN202,false,true
34852430,09:04 PM 28/06/20,2,sindal_01,wrong answer,0.00,14.9M,C++14,ECJN202,false,true
34852449,09:05 PM 28/06/20,2,abhinash1998,accepted,0.00,14.9M,C++14,ECJN202,false,true
34852467,09:06 PM 28/06/20,2,sindal_01,wrong answer,0.00,15.7M,C++14,ECJN202,false,true
34852514,09:09 PM 28/06/20,2,abhinash1998,accepted,0.00,14.9M,C++14,ECJN202,false,true
34852533,09:10 PM 28/06/20,2,abhinash1998,accepted,0.00,14.9M,C++14,ECJN202,false,true
34852541,09:10 PM 28/06/20,2,abhinash1998,accepted,0.00,14.9M,C++14,ECJN202,false,true
34852556,09:11 PM 28/06/20,2,abhinash1998,accepted,0.00,14.9M,C++14,ECJN202,false,true
34852563,09:12 PM 28/06/20,0,rishabhsinha8,wrong answer,0.00,9.2M,C,ECJN202,0,0
34852571,09:12 PM 28/06/20,0,rishabhsinha8,wrong answer,0.00,9.2M,C,ECJN202,0,0
34852573,09:12 PM 28/06/20,4,alif_cse_ju,accepted,0.00,6M,C++17,ECJN202,0,0
34852591,09:14 PM 28/06/20,5,nuttela,accepted,0.00,15.6M,C++14,ECJN202,false,true
34852613,09:15 PM 28/06/20,1,rishu850,wrong answer,0.00,14.9M,C++14,ECJN202,false,true
34852618,09:15 PM 28/06/20,1,manisha76543,accepted,0.00,5.8M,C++17,ECJN202,0,0
34852669,09:19 PM 28/06/20,2,ishu12345,accepted,0.00,5.8M,C++17,ECJN202,0,0
34853492,10:10 PM 28/06/20,3,ac_0127,wrong answer,0.00,14.9M,C++14,ECJN202,false,true
34853517,10:11 PM 28/06/20,2,deepthansu_1,accepted,0.10,2133M,JAVA,ECJN202,0,0
34853533,10:12 PM 28/06/20,2,abtab,accepted,0.02,17.6M,PYTH 3.6,ECJN202,0,0
34853545,10:13 PM 28/06/20,1,rk9605393,accepted,0.01,17.6M,PYTH 3.6,ECJN202,0,0
34853553,10:13 PM 28/06/20,4,tarunmishra_19,accepted,0.00,14.9M,C++14,ECJN202,false,true
34853594,10:15 PM 28/06/20,3,ac_0127,wrong answer,0.00,14.9M,C++14,ECJN202,false,true
34853672,10:20 PM 28/06/20,3,ac_0127,wrong answer,0.00,14.9M,C++14,ECJN202,false,true
34853710,10:22 PM 28/06/20,4,sreekanth_cc,wrong answer,0.00,15.7M,C++14,ECJN202,false,true
34853790,10:26 PM 28/06/20,2,tle_tle11,accepted,0.00,14.9M,C++14,ECJN202,false,true
34853791,10:26 PM 28/06/20,3,sarveshlohar,accepted,0.01,17.6M,PYTH 3.6,ECJN202,0,0
34853803,10:27 PM 28/06/20,2,pavani_26,accepted,0.01,17.5M,PYTH 3.6,ECJN202,0,0
34853811,10:27 PM 28/06/20,3,paracetamol650,accepted,0.00,14.9M,C++14,ECJN202,false,true
34853884,10:31 PM 28/06/20,2,rohan_345,accepted,0.00,14.9M,C++14,ECJN202,false,true
34853906,10:32 PM 28/06/20,4,sreekanth_cc,accepted,0.00,14.9M,C++14,ECJN202,false,true
34853913,10:33 PM 28/06/20,4,surajverma8787,accepted,0.00,14.9M,C++14,ECJN202,false,true
34853949,10:34 PM 28/06/20,4,mnithinkk,accepted,0.00,15.7M,C++14,ECJN202,false,true
34853956,10:35 PM 28/06/20,4,dr_virus_,accepted,0.00,14.9M,C++14,ECJN202,false,true
34853965,10:35 PM 28/06/20,3,ac_0127,wrong answer,0.00,14.9M,C++14,ECJN202,false,true
34854022,10:39 PM 28/06/20,3,ishankr21,accepted,0.00,15.7M,C++14,ECJN202,false,true
34854102,10:44 PM 28/06/20,4,nagasaisujan16,accepted,0.00,14.9M,C++14,ECJN202,true,true
34854124,10:45 PM 28/06/20,3,faiz_b_shah24,accepted,0.11,2133M,JAVA,ECJN202,0,0
34854159,10:47 PM 28/06/20,2,saksham_33,accepted,0.01,17.5M,PYTH 3.6,ECJN202,0,0
34854205,10:50 PM 28/06/20,4,anshul_151,accepted,0.00,14.9M,C++14,ECJN202,false,true
34854242,10:52 PM 28/06/20,1,coder58anubhav,accepted,0.00,9.2M,C,ECJN202,0,0
34854267,10:54 PM 28/06/20,2,ankush19,accepted,0.11,2133M,JAVA,ECJN202,0,0
34854309,10:57 PM 28/06/20,2,naryani123,wrong answer,0.00,14.9M,C++14,ECJN202,0,0
34854329,10:59 PM 28/06/20,1,maxxy177,accepted,0.00,15.7M,C++14,ECJN202,0,0
34854343,11:00 PM 28/06/20,2,naryani123,accepted,0.00,9.2M,C,ECJN202,0,0
34854474,11:07 PM 28/06/20,2,kevin_5997,wrong answer,0.00,15.7M,C++14,ECJN202,0,0
34854493,11:08 PM 28/06/20,2,kevin_5997,accepted,0.00,15.7M,C++14,ECJN202,0,0
34854581,11:12 PM 28/06/20,4,viju_1234,accepted,0.00,14.9M,C++14,ECJN202,0,0
34854724,11:22 PM 28/06/20,2,srinjoy_12,accepted,0.00,9.2M,C,ECJN202,0,0
34854726,11:22 PM 28/06/20,3,ananta27,accepted,0.00,15.7M,C++14,ECJN202,0,0
34854782,11:26 PM 28/06/20,2,professor_1997,accepted,0.02,17.6M,PYTH 3.6,ECJN202,0,0
34854994,11:40 PM 28/06/20,4,shahayush2507,accepted,0.00,14.9M,C++14,ECJN202,0,0
34855045,11:44 PM 28/06/20,2,s_swapnil,compilation error,-,-,C++14,ECJN202,0,0
34855055,11:44 PM 28/06/20,3,sangram2017,accepted,0.02,17.6M,PYTH 3.6,ECJN202,0,0
34855059,11:44 PM 28/06/20,2,s_swapnil,accepted,0.00,14.9M,C++14,ECJN202,0,0
34855156,11:52 PM 28/06/20,3,codechefu,accepted,0.00,14.9M,C++14,ECJN202,0,0
34855166,11:52 PM 28/06/20,2,palashjhanwar1,accepted,0.04,87.1M,PYPY3,ECJN202,0,0
34855228,11:57 PM 28/06/20,4,jayesh_khemka,accepted,0.00,14.9M,C++14,ECJN202,0,0
34855397,12:10 AM 29/06/20,1,prajapati1999,compilation error,-,-,PYTH 3.6,ECJN202,0,0
34855411,12:11 AM 29/06/20,1,prajapati1999,runtime error(NZEC),0.02,17.6M,PYTH 3.6,ECJN202,0,0
34855468,12:15 AM 29/06/20,3,ameybhavsar,accepted,0.04,87.1M,PYPY3,ECJN202,0,0
34855495,12:17 AM 29/06/20,4,panukulkarni,compilation error,-,-,C++14,ECJN202,0,0
34855501,12:18 AM 29/06/20,4,panukulkarni,accepted,0.00,14.9M,C++14,ECJN202,0,0
34855543,12:21 AM 29/06/20,3,harshit2011,accepted,0.05,2133M,JAVA,ECJN202,0,0
34855554,12:22 AM 29/06/20,1,red_devil_621,accepted,0.00,6.7M,C++17,ECJN202,0,0
34855689,12:33 AM 29/06/20,0,shahedtalukder,wrong answer,0.02,17.6M,PYTH 3.6,ECJN202,0,0
34855708,12:35 AM 29/06/20,2,antonio_007,wrong answer,0.00,14.9M,C++14,ECJN202,0,0
34855737,12:37 AM 29/06/20,1,rishika04,wrong answer,0.02,17.6M,PYTH 3.6,ECJN202,0,0
34855754,12:38 AM 29/06/20,2,antonio_007,accepted,0.00,14.9M,C++14,ECJN202,0,0
34855756,12:38 AM 29/06/20,1,rishika04,accepted,0.02,17.6M,PYTH 3.6,ECJN202,0,0
34855808,12:41 AM 29/06/20,4,shuvrajit_2000,accepted,0.00,14.9M,C++14,ECJN202,0,0
34855828,12:43 AM 29/06/20,2,ramdev12345,accepted,0.00,14.9M,C++14,ECJN202,0,0
34855904,12:49 AM 29/06/20,1,sudhirkumar34,runtime error(NZEC),0.02,17.6M,PYTH 3.6,ECJN202,0,0
34855944,12:52 AM 29/06/20,4,maxboom321,accepted,0.00,15.7M,C++14,ECJN202,0,0
34855948,12:53 AM 29/06/20,1,sudhirkumar34,compilation error,-,-,JAVA,ECJN202,0,0
34855965,12:54 AM 29/06/20,1,sudhirkumar34,compilation error,-,-,JAVA,ECJN202,0,0
34855973,12:55 AM 29/06/20,1,sudhirkumar34,compilation error,-,-,JAVA,ECJN202,0,0
34855980,12:55 AM 29/06/20,1,sudhirkumar34,accepted,0.10,2133M,JAVA,ECJN202,0,0
34855989,12:56 AM 29/06/20,1,sudhirkumar34,accepted,0.10,2133M,JAVA,ECJN202,0,0
34856031,01:00 AM 29/06/20,3,shobhit020102,compilation error,-,-,C++14,ECJN202,0,0
34856052,01:02 AM 29/06/20,3,shobhit020102,accepted,0.00,14.9M,C++14,ECJN202,0,0
34856079,01:05 AM 29/06/20,3,reeve99,wrong answer,0.00,14.9M,C++14,ECJN202,0,0
34856093,01:07 AM 29/06/20,3,piyush_1909,wrong answer,0.00,14.9M,C++14,ECJN202,0,0
34856099,01:07 AM 29/06/20,3,piyush_1909,wrong answer,0.00,14.9M,C++14,ECJN202,0,0
34856117,01:09 AM 29/06/20,3,reeve99,accepted,0.00,14.9M,C++14,ECJN202,0,0
34856135,01:11 AM 29/06/20,3,piyush_1909,accepted,0.00,14.9M,C++14,ECJN202,0,0
34856330,01:33 AM 29/06/20,3,tourist1998,accepted,0.00,14.9M,C++14,ECJN202,0,0
34856395,01:43 AM 29/06/20,4,nachiketa_99,accepted,0.05,2133M,JAVA,ECJN202,0,0
34856481,01:55 AM 29/06/20,4,saransh2708,compilation error,-,-,C++14,ECJN202,0,0
34856486,01:56 AM 29/06/20,4,saransh2708,accepted,0.00,14.9M,C++14,ECJN202,0,0
34856633,02:18 AM 29/06/20,2,srinjoypaul,accepted,0.00,14.9M,C++14,ECJN202,0,0
34856843,02:57 AM 29/06/20,1,anshu13,compilation error,-,-,PYTH 3.6,ECJN202,0,0
34856847,02:58 AM 29/06/20,1,anshu13,compilation error,-,-,PYTH 3.6,ECJN202,0,0
34856858,03:00 AM 29/06/20,1,anshu13,wrong answer,0.02,17.6M,PYTH 3.6,ECJN202,0,0
34856863,03:01 AM 29/06/20,1,anshu13,wrong answer,0.01,17.6M,PYTH 3.6,ECJN202,0,0
34856876,03:04 AM 29/06/20,1,anshu13,wrong answer,0.01,17.6M,PYTH 3.6,ECJN202,0,0
34856888,03:07 AM 29/06/20,1,anshu13,accepted,0.01,17.6M,PYTH 3.6,ECJN202,0,0
34856899,03:11 AM 29/06/20,2,aroaryan1,wrong answer,0.10,2133M,JAVA,ECJN202,0,0
34856905,03:12 AM 29/06/20,2,aroaryan1,accepted,0.10,2133M,JAVA,ECJN202,0,0
34856917,03:20 AM 29/06/20,0,himp7,runtime error(SIGSEGV),0.00,14.9M,C++14,ECJN202,false,true
34856919,03:21 AM 29/06/20,3,janabhishek,accepted,0.00,14.9M,C++14,ECJN202,false,true
34856925,03:23 AM 29/06/20,0,himp7,accepted,0.00,14.9M,C++14,ECJN202,false,true
34856931,03:26 AM 29/06/20,0,himp7,accepted,0.00,14.9M,C++14,ECJN202,false,true
34857133,04:57 AM 29/06/20,2,soumik_nandi,accepted,0.00,14.9M,C++14,ECJN202,false,true
34857206,05:32 AM 29/06/20,3,kanisht09,accepted,0.00,19.9M,C++14,ECJN202,false,true
34857290,06:23 AM 29/06/20,3,nanven1720,accepted,0.00,14.9M,C++14,ECJN202,false,true
34857299,06:30 AM 29/06/20,2,harsh5666,accepted,0.00,14.9M,C++14,ECJN202,false,true
34857357,07:03 AM 29/06/20,2,jahid37,accepted,0.00,14.9M,C++14,ECJN202,false,true
34857369,07:06 AM 29/06/20,1,fazia123,accepted,0.00,14.9M,C++14,ECJN202,false,true
34857549,07:55 AM 29/06/20,2,pragyanand123,accepted,0.00,14.9M,C++14,ECJN202,false,true
34857642,08:13 AM 29/06/20,1,cyber01,accepted,0.00,14.9M,C++14,ECJN202,false,true
34857645,08:14 AM 29/06/20,2,sktshrma_007,accepted,0.00,14.9M,C++14,ECJN202,false,true
34857676,08:20 AM 29/06/20,2,sindal_01,wrong answer,0.00,14.9M,C++14,ECJN202,false,true
34857730,08:27 AM 29/06/20,1,ashutosh0903,accepted,0.01,17.6M,PYTH 3.6,ECJN202,0,0
34857755,08:31 AM 29/06/20,0,ranjeet808417,runtime error(SIGSEGV),0.00,14.9M,C++14,ECJN202,false,true
34857763,08:32 AM 29/06/20,2,chefsaurav19,wrong answer,0.00,15.7M,C++14,ECJN202,false,true
34857773,08:33 AM 29/06/20,0,ranjeet808417,wrong answer,0.00,14.9M,C++14,ECJN202,false,true
34857793,08:36 AM 29/06/20,2,chefsaurav19,accepted,0.00,14.9M,C++14,ECJN202,0,0
34857852,08:45 AM 29/06/20,2,saikrish02,accepted,0.00,14.9M,C++14,ECJN202,0,0
34857877,08:49 AM 29/06/20,3,righ202083,accepted,0.00,14.9M,C++14,ECJN202,0,0
34857951,09:02 AM 29/06/20,3,studmaxxxx,accepted,0.00,15.7M,C++14,ECJN202,0,0
34857954,09:02 AM 29/06/20,3,avishek0204,accepted,0.00,15.7M,C++14,ECJN202,0,0
34858015,09:13 AM 29/06/20,2,iiit_2018,wrong answer,0.00,14.9M,C++14,ECJN202,0,0
34858031,09:14 AM 29/06/20,2,iiit_2018,accepted,0.00,14.9M,C++14,ECJN202,0,0
34858090,09:23 AM 29/06/20,0,cooldude_0911,accepted,0.02,17.5M,PYTH 3.6,ECJN202,0,0
34858277,09:42 AM 29/06/20,3,alok9821,wrong answer,0.00,6M,C++17,ECJN202,0,0
34858289,09:43 AM 29/06/20,3,alok9821,wrong answer,0.00,6M,C++17,ECJN202,0,0
34858291,09:43 AM 29/06/20,2,karumuri_3845,accepted,0.00,14.9M,C++14,ECJN202,0,0
34858298,09:44 AM 29/06/20,3,alok9821,accepted,0.00,6M,C++17,ECJN202,0,0
34858448,09:56 AM 29/06/20,3,devasu,accepted,0.00,14.9M,C++14,ECJN202,0,0
34858493,09:59 AM 29/06/20,3,rshonkhia65,accepted,0.00,14.9M,C++14,ECJN202,0,0
34858607,10:09 AM 29/06/20,3,ac_0127,wrong answer,0.00,14.9M,C++14,ECJN202,0,0
34858645,10:13 AM 29/06/20,3,ac_0127,wrong answer,0.00,15.7M,C++14,ECJN202,0,0
34858664,10:15 AM 29/06/20,3,ac_0127,accepted,0.00,14.9M,C++14,ECJN202,0,0
34858681,10:16 AM 29/06/20,3,mayankmj30,accepted,0.10,2133M,JAVA,ECJN202,0,0
34858694,10:17 AM 29/06/20,3,ac_0127,wrong answer,0.00,15.7M,C++14,ECJN202,0,0
34858751,10:21 AM 29/06/20,3,ya_s_h,accepted,0.00,15.7M,C++14,ECJN202,0,0
34858797,10:25 AM 29/06/20,3,ben_it,accepted,0.02,17.6M,PYTH 3.6,ECJN202,0,0
34858804,10:26 AM 29/06/20,4,sam_30_08,accepted,0.00,14.9M,C++14,ECJN202,0,0
34858808,10:26 AM 29/06/20,2,taruvar123,wrong answer,0.00,15.7M,C++14,ECJN202,0,0
34858821,10:28 AM 29/06/20,2,taruvar123,accepted,0.00,15.7M,C++14,ECJN202,0,0
34859015,10:41 AM 29/06/20,3,ac_0127,accepted,0.00,14.9M,C++14,ECJN202,0,0
34859213,10:53 AM 29/06/20,2,black143,accepted,0.02,17.6M,PYTH 3.6,ECJN202,0,0
34859215,10:54 AM 29/06/20,2,anman1900,wrong answer,0.00,14.9M,C++14,ECJN202,false,true
34859223,10:54 AM 29/06/20,2,anman1900,accepted,0.00,14.9M,C++14,ECJN202,false,true
34859225,10:54 AM 29/06/20,2,nikhil_patel_,accepted,0.00,14.9M,C++14,ECJN202,false,true
34859290,10:58 AM 29/06/20,3,manas_17,accepted,0.00,14.9M,C++14,ECJN202,false,true
34859320,11:00 AM 29/06/20,2,hariharsha6142,accepted,0.02,17.6M,PYTH 3.6,ECJN202,0,0
34859835,11:28 AM 29/06/20,2,jarthal_harsh7,accepted,0.00,14.9M,C++14,ECJN202,false,true
34859848,11:29 AM 29/06/20,1,arunteja_18,accepted,0.01,17.6M,PYTH 3.6,ECJN202,0,0
34859854,11:29 AM 29/06/20,2,jarthal_harsh7,accepted,0.00,14.9M,C++14,ECJN202,false,true
34859880,11:31 AM 29/06/20,2,lohitagarwalla,accepted,0.00,14.9M,C++14,ECJN202,false,true
34860075,11:41 AM 29/06/20,3,chandan23,runtime error(NZEC),0.01,17.6M,PYTH 3.6,ECJN202,0,0
34860094,11:42 AM 29/06/20,5,vd_98,accepted,0.00,14.9M,C++14,ECJN202,true,true
34860102,11:43 AM 29/06/20,3,chandan23,runtime error(NZEC),0.02,17.6M,PYTH 3.6,ECJN202,0,0
34860127,11:44 AM 29/06/20,2,abhiroopsaha19,wrong answer,0.01,17.6M,PYTH 3.6,ECJN202,0,0
34860139,11:44 AM 29/06/20,2,abhiroopsaha19,wrong answer,0.01,17.6M,PYTH 3.6,ECJN202,0,0
34860143,11:45 AM 29/06/20,4,anshul_151,accepted,0.00,14.9M,C++14,ECJN202,false,true
34860154,11:45 AM 29/06/20,2,abhiroopsaha19,accepted,0.01,17.6M,PYTH 3.6,ECJN202,0,0
34860176,11:46 AM 29/06/20,3,chandan23,wrong answer,0.00,14.9M,C++14,ECJN202,false,true
34860203,11:48 AM 29/06/20,3,chandan23,accepted,0.01,17.5M,PYTH 3.6,ECJN202,0,0
34860235,11:50 AM 29/06/20,5,c_rahul,accepted,0.00,14.9M,C++14,ECJN202,true,true
34860239,11:50 AM 29/06/20,1,gurav_123,accepted,0.00,14.9M,C++14,ECJN202,false,true
34860295,11:52 AM 29/06/20,6,user_not_found,accepted,0.07,87.1M,PYPY3,ECJN202,0,0
34860327,11:54 AM 29/06/20,4,pedastrian_57,wrong answer,0.18,112.6M,PYPY3,ECJN202,0,0
34860351,11:54 AM 29/06/20,4,pedastrian_57,accepted,0.18,113.3M,PYPY3,ECJN202,0,0
34860372,11:55 AM 29/06/20,3,code_genesis55,accepted,0.00,16.4M,C++14,ECJN202,false,true
34860403,11:57 AM 29/06/20,2,jafar00,accepted,0.00,15.7M,C++14,ECJN202,false,true
34860552,12:04 PM 29/06/20,2,draco_malfoy,accepted,0.05,2133M,JAVA,ECJN202,0,0
34860939,12:21 PM 29/06/20,2,ak8892707,accepted,0.00,14.9M,C++14,ECJN202,false,true
34860940,12:21 PM 29/06/20,2,csedk,accepted,0.02,17.6M,PYTH 3.6,ECJN202,0,0
34860968,12:23 PM 29/06/20,4,anand18,accepted,0.00,14.9M,C++14,ECJN202,false,true
34860985,12:24 PM 29/06/20,3,harry_6003,accepted,0.00,14.9M,C++14,ECJN202,false,true
34861462,12:46 PM 29/06/20,3,akshit01032000,wrong answer,0.00,14.9M,C++14,ECJN202,false,true
34861478,12:47 PM 29/06/20,3,akshit01032000,accepted,0.00,14.9M,C++14,ECJN202,false,true
34861481,12:47 PM 29/06/20,2,rahul_2204,compilation error,-,-,PYTH 3.6,ECJN202,0,0
34861502,12:48 PM 29/06/20,2,rahul_2204,accepted,0.02,26.9M,PYTH 3.6,ECJN202,0,0
34861742,01:01 PM 29/06/20,3,kiteretsucodes,accepted,0.00,15.7M,C++14,ECJN202,false,true
34861792,01:03 PM 29/06/20,4,code_25,wrong answer,0.00,15.6M,C++14,ECJN202,false,true
34861835,01:05 PM 29/06/20,4,code_25,accepted,0.00,15.6M,C++14,ECJN202,false,true
34861889,01:08 PM 29/06/20,2,tanmayi33,accepted,0.00,14.9M,C++14,ECJN202,false,true
34862001,01:14 PM 29/06/20,4,msp1451,wrong answer,0.01,17.6M,PYTH 3.6,ECJN202,0,0
34862017,01:14 PM 29/06/20,2,koustav_7890,accepted,0.00,15.7M,C++14,ECJN202,false,true
34862019,01:15 PM 29/06/20,4,msp1451,accepted,0.01,17.6M,PYTH 3.6,ECJN202,0,0
34862294,01:30 PM 29/06/20,4,daschiku37,accepted,0.00,14.9M,C++14,ECJN202,true,true
34862424,01:37 PM 29/06/20,3,sushithreddy75,accepted,0.10,2133M,JAVA,ECJN202,0,0
34862527,01:43 PM 29/06/20,4,ktk54x,accepted,0.02,15M,C++14,ECJN202,true,true
34862882,02:03 PM 29/06/20,2,uditrocks17,accepted,0.00,14.9M,C++14,ECJN202,false,true
34862883,02:03 PM 29/06/20,3,prashant_3108,wrong answer,0.00,14.9M,C++14,ECJN202,false,true
34862967,02:08 PM 29/06/20,3,prashant_3108,accepted,0.00,14.9M,C++14,ECJN202,false,true
34863102,02:16 PM 29/06/20,4,rakend,accepted,0.00,14.9M,C++14,ECJN202,false,true
34863157,02:18 PM 29/06/20,3,shivam50,accepted,0.00,14.9M,C++14,ECJN202,false,true
34863219,02:21 PM 29/06/20,3,sudheerays123,accepted,0.00,14.9M,C++14,ECJN202,false,true
34863276,02:25 PM 29/06/20,2,cs_18010132,accepted,0.00,14.9M,C++14,ECJN202,false,true
34863327,02:27 PM 29/06/20,2,alone_walker_2,accepted,0.00,14.9M,C++14,ECJN202,false,true
34863579,02:41 PM 29/06/20,3,ghfg345,accepted,0.02,17.6M,PYTH 3.6,ECJN202,0,0
34863634,02:44 PM 29/06/20,3,aditya_1304,accepted,0.00,14.9M,C++14,ECJN202,true,true
34863670,02:46 PM 29/06/20,3,akshay_murari_,wrong answer,0.02,17.5M,PYTH 3.6,ECJN202,0,0
34863688,02:47 PM 29/06/20,0,shriyajaswani,wrong answer,0.00,14.9M,C++14,ECJN202,false,true
34863689,02:47 PM 29/06/20,3,akshay_murari_,accepted,0.01,17.6M,PYTH 3.6,ECJN202,0,0
34863797,02:53 PM 29/06/20,0,shriyajaswani,wrong answer,0.00,199.5M,C++14,ECJN202,false,true
34863821,02:54 PM 29/06/20,0,shriyajaswani,runtime error(SIGABRT),0.00,14.9M,C++14,ECJN202,false,true
34863847,02:55 PM 29/06/20,0,shriyajaswani,wrong answer,0.00,14.9M,C++14,ECJN202,false,true
34863870,02:56 PM 29/06/20,3,ashharali_786,wrong answer,0.00,14.9M,C++14,ECJN202,false,true
34863911,02:58 PM 29/06/20,3,ashharali_786,accepted,0.00,15.7M,C++14,ECJN202,false,true
34863921,02:58 PM 29/06/20,3,akshay_murari_,accepted,0.01,17.6M,PYTH 3.6,ECJN202,0,0
34863960,03:00 PM 29/06/20,3,quietexplosion,accepted,0.00,14.9M,C++14,ECJN202,false,true
34864014,03:03 PM 29/06/20,3,nrs_782,accepted,0.04,87.1M,PYPY3,ECJN202,0,0
34864030,03:04 PM 29/06/20,3,akshay_murari_,wrong answer,0.00,14.9M,C++14,ECJN202,false,true
34864046,03:05 PM 29/06/20,3,akshay_murari_,accepted,0.00,15.7M,C++14,ECJN202,false,true
34864144,03:09 PM 29/06/20,3,akshay_murari_,accepted,0.10,2133M,JAVA,ECJN202,0,0
34864147,03:09 PM 29/06/20,4,akshay1_2,accepted,0.02,17.6M,PYTH 3.6,ECJN202,0,0
34864283,03:14 PM 29/06/20,2,yash19_pro,compilation error,-,-,C++14,ECJN202,false,true
34864295,03:15 PM 29/06/20,2,yash19_pro,accepted,0.00,14.9M,C++14,ECJN202,false,true
34864354,03:18 PM 29/06/20,2,prashant_08,wrong answer,0.00,14.9M,C++14,ECJN202,false,true
34864464,03:23 PM 29/06/20,2,arnav1998,accepted,0.00,15.7M,C++14,ECJN202,false,true
34864476,03:23 PM 29/06/20,2,prashant_08,accepted,0.00,14.9M,C++14,ECJN202,false,true
34864595,03:28 PM 29/06/20,3,feelme,accepted,0.01,17.6M,PYTH 3.6,ECJN202,0,0
34864691,03:32 PM 29/06/20,3,creator5923,accepted,0.00,14.9M,C++14,ECJN202,false,true
34864778,03:37 PM 29/06/20,4,rakshi_20,accepted,0.00,16.4M,C++14,ECJN202,true,true
34864890,03:45 PM 29/06/20,2,vijay1621,compilation error,-,-,C++14,ECJN202,false,true
34864917,03:46 PM 29/06/20,2,vijay1621,wrong answer,0.00,14.9M,C++14,ECJN202,false,true
34864940,03:48 PM 29/06/20,2,vijay1621,accepted,0.00,14.9M,C++14,ECJN202,false,true
34865003,03:52 PM 29/06/20,3,mia_k,wrong answer,0.00,14.9M,C++14,ECJN202,false,true
34865016,03:52 PM 29/06/20,2,arjoo,accepted,0.00,14.9M,C++14,ECJN202,false,true
34865019,03:53 PM 29/06/20,3,mia_k,wrong answer,0.00,14.9M,C++14,ECJN202,false,true
34865027,03:53 PM 29/06/20,3,mia_k,compilation error,-,-,C++14,ECJN202,false,true
34865045,03:54 PM 29/06/20,3,mia_k,wrong answer,0.00,14.9M,C++14,ECJN202,false,true
34865061,03:55 PM 29/06/20,3,mia_k,wrong answer,0.00,14.9M,C++14,ECJN202,false,true
34865105,03:58 PM 29/06/20,3,mia_k,accepted,0.00,15.7M,C++14,ECJN202,false,true
34865117,03:58 PM 29/06/20,3,mia_k,accepted,0.00,14.9M,C++14,ECJN202,false,true
34865253,04:05 PM 29/06/20,3,manish2511,wrong answer,0.00,14.9M,C++14,ECJN202,false,true
34865258,04:05 PM 29/06/20,1,deevyanshu,accepted,0.10,2133M,JAVA,ECJN202,0,0
34865322,04:08 PM 29/06/20,3,manish2511,accepted,0.00,14.9M,C++14,ECJN202,false,true
34865784,04:35 PM 29/06/20,2,mdzaidalam52,accepted,0.10,2133M,JAVA,ECJN202,0,0
34865965,04:45 PM 29/06/20,1,shreya_369,accepted,0.02,17.6M,PYTH 3.6,ECJN202,0,0
34866013,04:47 PM 29/06/20,2,ajha79923,wrong answer,0.00,14.9M,C++14,ECJN202,false,true
34866074,04:50 PM 29/06/20,2,ajha79923,wrong answer,0.00,14.9M,C++14,ECJN202,false,true
34866092,04:51 PM 29/06/20,2,ajha79923,wrong answer,0.00,14.9M,C++14,ECJN202,false,true
34866172,04:55 PM 29/06/20,4,stranger101,accepted,0.00,14.9M,C++14,ECJN202,false,true
34866340,05:05 PM 29/06/20,2,veernit_123,accepted,0.00,14.9M,C++14,ECJN202,false,true
34866386,05:07 PM 29/06/20,1,anshitmishra,wrong answer,0.00,14.9M,C++14,ECJN202,false,true
34866419,05:09 PM 29/06/20,5,himanshu_777,accepted,0.00,15.7M,C++14,ECJN202,false,true
34866454,05:11 PM 29/06/20,1,anshitmishra,accepted,0.00,14.9M,C++14,ECJN202,false,true
34866659,05:22 PM 29/06/20,2,anshu_31,wrong answer,0.00,14.9M,C++14,ECJN202,false,true
34866675,05:23 PM 29/06/20,2,anshu_31,accepted,0.00,14.9M,C++14,ECJN202,false,true
34866816,05:29 PM 29/06/20,2,karthik_shaw,accepted,0.00,14.9M,C++14,ECJN202,false,true
34866858,05:31 PM 29/06/20,1,may19,compilation error,-,-,C++14,ECJN202,false,true
34866880,05:32 PM 29/06/20,2,karthik_shaw,accepted,0.00,14.9M,C++14,ECJN202,false,true
34866901,05:33 PM 29/06/20,1,may19,accepted,0.00,14.9M,C++14,ECJN202,false,true
34867095,05:44 PM 29/06/20,2,atulpatel007,wrong answer,0.10,2133M,JAVA,ECJN202,0,0
34867433,05:59 PM 29/06/20,3,t_dog,accepted,0.00,14.9M,C++14,ECJN202,false,true
34867488,06:02 PM 29/06/20,2,harish30,wrong answer,0.00,14.9M,C++14,ECJN202,false,true
34867526,06:04 PM 29/06/20,2,harish30,accepted,0.00,14.9M,C++14,ECJN202,false,true
34867553,06:06 PM 29/06/20,2,rishi_raj98,accepted,0.00,14.9M,C++14,ECJN202,false,true
34867594,06:08 PM 29/06/20,3,smittal99,accepted,0.00,14.9M,C++14,ECJN202,false,true
34868009,06:31 PM 29/06/20,2,bad_apple,accepted,0.00,15.7M,C++14,ECJN202,false,true
34868042,06:32 PM 29/06/20,3,msd_mst,wrong answer,0.00,14.9M,C++14,ECJN202,false,true
34868051,06:33 PM 29/06/20,3,msd_mst,accepted,0.00,14.9M,C++14,ECJN202,false,true
34868088,06:35 PM 29/06/20,2,mounika937,accepted,0.00,9.2M,C,ECJN202,0,0
34868200,06:41 PM 29/06/20,3,mahendra275,wrong answer,0.02,17.6M,PYTH 3.6,ECJN202,0,0
34868285,06:45 PM 29/06/20,3,nikhil_261,accepted,0.00,14.9M,C++14,ECJN202,false,true
34868422,06:52 PM 29/06/20,3,mahendra275,accepted,0.02,17.6M,PYTH 3.6,ECJN202,0,0
34868509,06:56 PM 29/06/20,3,mahendra275,accepted,0.01,17.6M,PYTH 3.6,ECJN202,0,0
34868537,06:57 PM 29/06/20,3,mahendra275,accepted,0.02,17.6M,PYTH 3.6,ECJN202,0,0
34868650,07:03 PM 29/06/20,2,proton13,compilation error,-,-,C++14,ECJN202,false,true
34868665,07:04 PM 29/06/20,2,proton13,compilation error,-,-,C++14,ECJN202,false,true
34868673,07:05 PM 29/06/20,2,proton13,compilation error,-,-,C++14,ECJN202,false,true
34868688,07:05 PM 29/06/20,2,proton13,wrong answer,0.00,14.9M,C++14,ECJN202,false,true
34868707,07:06 PM 29/06/20,2,proton13,accepted,0.00,14.9M,C++14,ECJN202,false,true
34868824,07:13 PM 29/06/20,2,bobth,wrong answer,0.05,2133M,JAVA,ECJN202,0,0
34868827,07:13 PM 29/06/20,5,unmesh_kumar,accepted,0.00,808M,C++14,ECJN202,true,true
34868853,07:15 PM 29/06/20,2,bobth,wrong answer,0.05,2133M,JAVA,ECJN202,0,0
34868905,07:17 PM 29/06/20,2,bobth,accepted,0.05,2133M,JAVA,ECJN202,0,0
34868972,07:20 PM 29/06/20,2,hd_killercode1,accepted,0.00,14.9M,C++14,ECJN202,false,true
34869024,07:23 PM 29/06/20,1,praveenkorni,accepted,0.00,14.9M,C++14,ECJN202,false,true
34869061,07:25 PM 29/06/20,1,ak987,accepted,0.10,2133M,JAVA,ECJN202,0,0
34869091,07:27 PM 29/06/20,3,i_am_the_smoke,wrong answer,0.00,14.9M,C++14,ECJN202,false,true
34869094,07:27 PM 29/06/20,2,rohit4445,accepted,0.00,14.9M,C++14,ECJN202,false,true
34869133,07:29 PM 29/06/20,3,i_am_the_smoke,accepted,0.00,14.9M,C++14,ECJN202,false,true
34869138,07:29 PM 29/06/20,3,glaxmisainath,compilation error,-,-,PYTH 3.6,ECJN202,0,0
34869154,07:30 PM 29/06/20,3,glaxmisainath,accepted,0.02,17.5M,PYTH 3.6,ECJN202,0,0
34869191,07:31 PM 29/06/20,2,code_vj_525,accepted,0.00,15.7M,C++14,ECJN202,false,true
34869248,07:34 PM 29/06/20,2,starsuraj4,wrong answer,0.02,17.6M,PYTH 3.6,ECJN202,0,0
34869257,07:34 PM 29/06/20,5,ram0553,accepted,0.00,14.9M,C++14,ECJN202,false,true
34869294,07:36 PM 29/06/20,0,ananya0908,wrong answer,0.00,5.8M,C++17,ECJN202,0,0
34869316,07:37 PM 29/06/20,1,codeprateek,accepted,0.00,15.7M,C++14,ECJN202,false,true
34869520,07:47 PM 29/06/20,4,sp19,accepted,0.00,14.9M,C++14,ECJN202,false,true
34869617,07:52 PM 29/06/20,4,jyoti369,accepted,0.04,2133M,JAVA,ECJN202,0,0
34869639,07:53 PM 29/06/20,2,starsuraj4,accepted,0.02,17.6M,PYTH 3.6,ECJN202,0,0
34870068,08:15 PM 29/06/20,3,aman_5311,accepted,0.00,14.9M,C++14,ECJN202,true,true
34870092,08:16 PM 29/06/20,2,zephaniah_2002,compilation error,-,-,PYTH 3.6,ECJN202,0,0
34870104,08:17 PM 29/06/20,2,zephaniah_2002,compilation error,-,-,PYTH 3.6,ECJN202,0,0
34870127,08:18 PM 29/06/20,3,abhishek1306,accepted,0.00,14.9M,C++14,ECJN202,false,true
34870136,08:18 PM 29/06/20,2,zephaniah_2002,accepted,0.02,17.6M,PYTH 3.6,ECJN202,0,0
34870294,08:27 PM 29/06/20,3,ayushagrwl,accepted,0.00,14.9M,C++14,ECJN202,false,true
34870532,08:38 PM 29/06/20,2,aryan1341,accepted,0.00,14.9M,C++14,ECJN202,false,true
34870560,08:39 PM 29/06/20,3,gowtham516,accepted,0.00,14.9M,C++14,ECJN202,false,true
34870573,08:40 PM 29/06/20,3,nambiar_nithin,accepted,0.00,14.9M,C++14,ECJN202,false,true
34870765,08:48 PM 29/06/20,1,animan0714,accepted,0.05,2133M,JAVA,ECJN202,0,0
34871318,09:16 PM 29/06/20,3,biswa_867,wrong answer,0.00,14.9M,C++14,ECJN202,false,true
34871332,09:17 PM 29/06/20,3,aadeesh123,accepted,0.11,2133M,JAVA,ECJN202,0,0
34871363,09:19 PM 29/06/20,3,biswa_867,wrong answer,0.00,14.9M,C++14,ECJN202,false,true
34871390,09:21 PM 29/06/20,3,biswa_867,wrong answer,0.00,14.9M,C++14,ECJN202,false,true
34871401,09:21 PM 29/06/20,3,biswa_867,accepted,0.00,14.9M,C++14,ECJN202,false,true
34871532,09:28 PM 29/06/20,2,bal_govind,accepted,0.10,2133M,JAVA,ECJN202,0,0
34871557,09:29 PM 29/06/20,3,kripri,accepted,0.00,9.2M,C,ECJN202,0,0
34871579,09:31 PM 29/06/20,2,parag1912,accepted,0.01,17.6M,PYTH 3.6,ECJN202,0,0
34871646,09:35 PM 29/06/20,3,sahithi_1809,accepted,0.00,14.9M,C++14,ECJN202,false,true
34871719,09:39 PM 29/06/20,3,raghav_456,wrong answer,0.00,14.9M,C++14,ECJN202,false,true
34871744,09:40 PM 29/06/20,2,bal_govind,accepted,0.02,17.6M,PYTH 3.6,ECJN202,0,0
34871774,09:42 PM 29/06/20,3,raghav_456,accepted,0.00,15.7M,C++14,ECJN202,false,true
34871982,09:55 PM 29/06/20,2,vaibhav2113,accepted,0.00,14.9M,C++14,ECJN202,false,true
34879891,01:14 PM 30/06/20,2,prakash2019119,accepted,0.00,15.7M,C++14,ECJN202,0,0
34879903,01:15 PM 30/06/20,2,stopstalking,accepted,0.00,22.5M,C++14,ECJN202,0,0
34879930,01:16 PM 30/06/20,2,shalini264,accepted,0.00,14.9M,C++14,ECJN202,0,0
34880078,01:25 PM 30/06/20,3,sgaurav411,accepted,0.00,14.9M,C++14,ECJN202,0,0
34880287,01:34 PM 30/06/20,1,mounika1042001,wrong answer,0.07,2133M,JAVA,ECJN202,0,0
34880355,01:37 PM 30/06/20,1,mounika1042001,accepted,0.10,2133M,JAVA,ECJN202,0,0
34880898,02:05 PM 30/06/20,1,prach610,accepted,0.10,2133M,JAVA,ECJN202,0,0
34880955,02:08 PM 30/06/20,2,karan98mehta,accepted,0.00,14.9M,C++14,ECJN202,0,0
34881116,02:20 PM 30/06/20,3,devil9614,accepted,0.01,17.6M,PYTH 3.6,ECJN202,0,0
34881144,02:22 PM 30/06/20,2,danny9999,accepted,0.11,2133M,JAVA,ECJN202,0,0
34881333,02:36 PM 30/06/20,3,rhythem_001,accepted,0.01,17.6M,PYTH 3.6,ECJN202,0,0
34881434,02:43 PM 30/06/20,4,gogito_123,accepted,0.00,14.9M,C++14,ECJN202,0,0
34881595,02:54 PM 30/06/20,1,raju_molla,wrong answer,0.00,14.9M,C++14,ECJN202,0,0
34881615,02:56 PM 30/06/20,1,vipul_vip,compilation error,-,-,C++14,ECJN202,0,0
34881618,02:56 PM 30/06/20,1,raju_molla,wrong answer,0.00,14.9M,C++14,ECJN202,0,0
34881639,02:57 PM 30/06/20,1,vipul_vip,accepted,0.00,14.9M,C++14,ECJN202,0,0
34881658,02:58 PM 30/06/20,1,raju_molla,wrong answer,0.00,14.9M,C++14,ECJN202,0,0
34881669,02:59 PM 30/06/20,1,raju_molla,wrong answer,0.00,14.9M,C++14,ECJN202,0,0
34881706,03:02 PM 30/06/20,1,raju_molla,accepted,0.00,14.9M,C++14,ECJN202,0,0
34881720,03:03 PM 30/06/20,3,kiran_kumar_16,accepted,0.01,17.6M,PYTH 3.6,ECJN202,0,0
34881738,03:04 PM 30/06/20,2,kunalkatiyar9,wrong answer,0.04,2133M,JAVA,ECJN202,0,0
34881809,03:08 PM 30/06/20,2,kunalkatiyar9,accepted,0.04,2197M,JAVA,ECJN202,0,0
34881944,03:15 PM 30/06/20,4,lawliet_26,accepted,0.00,14.9M,C++14,ECJN202,0,0
34882509,03:42 PM 30/06/20,3,debangshu_26,accepted,0.00,14.9M,C++14,ECJN202,0,0
34882598,03:46 PM 30/06/20,2,sho_1278,accepted,0.00,14.9M,C++14,ECJN202,0,0
34883009,04:01 PM 30/06/20,1,ayushraghuva,accepted,0.11,2133M,JAVA,ECJN202,0,0
34883424,04:20 PM 30/06/20,2,alz112,accepted,0.11,2133M,JAVA,ECJN202,0,0
34883546,04:26 PM 30/06/20,2,ayush_agarwal2,wrong answer,0.00,14.9M,C++14,ECJN202,0,0
34883593,04:28 PM 30/06/20,2,ayush_agarwal2,wrong answer,0.00,14.9M,C++14,ECJN202,0,0
34883700,04:32 PM 30/06/20,2,ayush_agarwal2,accepted,0.10,2133M,JAVA,ECJN202,0,0
34883960,04:44 PM 30/06/20,3,conquizztador,accepted,0.00,14.9M,C++14,ECJN202,0,0
34884235,04:54 PM 30/06/20,2,gaurav_2020,wrong answer,0.00,14.9M,C++14,ECJN202,0,0
34884303,04:56 PM 30/06/20,2,gaurav_2020,accepted,0.00,14.9M,C++14,ECJN202,0,0
34884317,04:57 PM 30/06/20,3,adarpit,accepted,0.00,14.9M,C++14,ECJN202,0,0
34884677,05:11 PM 30/06/20,2,nezuko2001,wrong answer,0.00,5.8M,C++17,ECJN202,0,0
34884833,05:17 PM 30/06/20,2,nezuko2001,wrong answer,0.00,5.8M,C++17,ECJN202,0,0
34884897,05:20 PM 30/06/20,2,nezuko2001,wrong answer,0.00,5.8M,C++17,ECJN202,0,0
34884927,05:21 PM 30/06/20,2,nezuko2001,wrong answer,0.00,5.8M,C++17,ECJN202,0,0
34884963,05:23 PM 30/06/20,2,nezuko2001,accepted,0.00,5.8M,C++17,ECJN202,0,0
34885111,05:28 PM 30/06/20,0,rozer_codes,wrong answer,0.01,17.6M,PYTH 3.6,ECJN202,0,0
34885342,05:37 PM 30/06/20,4,tiwari0000,accepted,0.02,17.6M,PYTH 3.6,ECJN202,0,0
34885351,05:37 PM 30/06/20,3,almighty123789,accepted,0.00,14.9M,C++14,ECJN202,0,0
34885524,05:43 PM 30/06/20,2,rachna11299,wrong answer,0.00,14.9M,C++14,ECJN202,0,0
34885606,05:46 PM 30/06/20,3,hello_kitty,accepted,0.00,14.9M,C++14,ECJN202,0,0
34885631,05:47 PM 30/06/20,2,rachna11299,accepted,0.00,14.9M,C++14,ECJN202,0,0
34885816,05:54 PM 30/06/20,0,rozer_codes,wrong answer,0.02,17.5M,PYTH 3.6,ECJN202,0,0
34885862,05:55 PM 30/06/20,0,rozer_codes,accepted,0.01,17.6M,PYTH 3.6,ECJN202,0,0
34885904,05:57 PM 30/06/20,0,rozer_codes,accepted,0.01,17.6M,PYTH 3.6,ECJN202,0,0
34886108,06:05 PM 30/06/20,2,mohite2001,accepted,0.10,2133M,JAVA,ECJN202,0,0
34886169,06:08 PM 30/06/20,4,imsotired,accepted,0.00,14.9M,C++14,ECJN202,0,0
34886616,06:31 PM 30/06/20,4,dm_1609,compilation error,-,-,C++14,ECJN202,0,0
34886631,06:32 PM 30/06/20,4,dm_1609,accepted,0.00,14.9M,C++14,ECJN202,0,0
34886984,06:51 PM 30/06/20,4,yashgid,wrong answer,0.00,15.7M,C++14,ECJN202,0,0
34886994,06:51 PM 30/06/20,4,yashgid,wrong answer,0.00,14.9M,C++14,ECJN202,0,0
34887010,06:52 PM 30/06/20,4,yashgid,wrong answer,0.00,14.9M,C++14,ECJN202,0,0
34887051,06:55 PM 30/06/20,3,ayushomi007,accepted,0.00,14.9M,C++14,ECJN202,0,0
34887092,06:57 PM 30/06/20,2,anayshukla,wrong answer,0.02,17.6M,PYTH 3.6,ECJN202,0,0
34887168,07:00 PM 30/06/20,2,anayshukla,wrong answer,0.01,17.6M,PYTH 3.6,ECJN202,0,0
34887177,07:01 PM 30/06/20,4,yashgid,accepted,0.00,14.9M,C++14,ECJN202,0,0
34887197,07:02 PM 30/06/20,2,anayshukla,accepted,0.02,17.6M,PYTH 3.6,ECJN202,0,0
34887226,07:04 PM 30/06/20,4,yashgid,accepted,0.00,14.9M,C++14,ECJN202,0,0
34887375,07:12 PM 30/06/20,2,saif5589,wrong answer,0.02,17.6M,PYTH 3.6,ECJN202,0,0
34887407,07:14 PM 30/06/20,2,saif5589,accepted,0.02,17.6M,PYTH 3.6,ECJN202,0,0
34887782,07:34 PM 30/06/20,3,dsnav,accepted,0.00,14.9M,C++14,ECJN202,0,0
34887850,07:37 PM 30/06/20,2,utkarshsri,accepted,0.00,14.9M,C++14,ECJN202,0,0
34887965,07:42 PM 30/06/20,2,apurva9185,wrong answer,0.00,9.2M,C,ECJN202,0,0
34888038,07:46 PM 30/06/20,2,apurva9185,wrong answer,0.00,9.2M,C,ECJN202,0,0
34888070,07:48 PM 30/06/20,2,samraj16103010,accepted,0.00,14.9M,C++14,ECJN202,0,0
34888155,07:52 PM 30/06/20,3,pahadi_boy,compilation error,-,-,C++14,ECJN202,0,0
34888190,07:53 PM 30/06/20,3,pahadi_boy,wrong answer,0.00,14.9M,C++14,ECJN202,0,0
34888220,07:55 PM 30/06/20,3,pahadi_boy,wrong answer,0.00,14.9M,C++14,ECJN202,0,0
34888231,07:56 PM 30/06/20,3,pahadi_boy,accepted,0.00,14.9M,C++14,ECJN202,0,0
34888239,07:56 PM 30/06/20,3,rehassachdeva,accepted,0.00,5.8M,C++17,ECJN202,0,0
34888257,07:57 PM 30/06/20,2,bipul_singh345,accepted,0.00,14.9M,C++14,ECJN202,0,0
34888326,08:00 PM 30/06/20,2,muskan_22,wrong answer,0.00,5.8M,C++17,ECJN202,0,0
34888355,08:02 PM 30/06/20,2,mateen7994,wrong answer,0.11,2133M,JAVA,ECJN202,0,0
34888389,08:04 PM 30/06/20,2,muskan_22,accepted,0.00,5.8M,C++17,ECJN202,0,0
34888492,08:10 PM 30/06/20,2,mateen7994,wrong answer,0.11,2133M,JAVA,ECJN202,0,0
34888498,08:10 PM 30/06/20,3,js_5455,accepted,0.00,14.9M,C++14,ECJN202,0,0
34888531,08:12 PM 30/06/20,2,mateen7994,accepted,0.11,2133M,JAVA,ECJN202,0,0
34888546,08:13 PM 30/06/20,2,ravi288,accepted,0.00,14.9M,C++14,ECJN202,0,0
34888655,08:18 PM 30/06/20,3,akash9380,accepted,0.00,44.9M,C++17,ECJN202,0,0
34888842,08:28 PM 30/06/20,2,coder_mamu,accepted,0.00,5.8M,C++17,ECJN202,0,0
34889126,08:43 PM 30/06/20,0,shade69,accepted,0.00,15.7M,C++14,ECJN202,0,0
34889531,09:05 PM 30/06/20,2,isha461,accepted,0.00,53.7M,C++14,ECJN202,0,0
34889545,09:06 PM 30/06/20,2,superzip17,wrong answer,0.00,14.9M,C++14,ECJN202,0,0
34889565,09:08 PM 30/06/20,2,superzip17,accepted,0.00,14.9M,C++14,ECJN202,0,0
34889749,09:17 PM 30/06/20,2,jordan_05,accepted,0.10,2133M,JAVA,ECJN202,0,0
34889979,09:31 PM 30/06/20,4,ur_dad,accepted,0.00,14.9M,C++14,ECJN202,0,0
34890070,09:36 PM 30/06/20,2,sumit134926,accepted,0.02,17.6M,PYTH 3.6,ECJN202,0,0
34890366,09:52 PM 30/06/20,2,bharat99anand,accepted,0.00,5.8M,C++17,ECJN202,0,0
34891221,10:34 PM 30/06/20,2,that_guy_16,accepted,0.00,14.9M,C++14,ECJN202,0,0
34891371,10:42 PM 30/06/20,2,xxnavneetxx,accepted,0.00,14.9M,C++14,ECJN202,0,0
34891391,10:43 PM 30/06/20,3,git1,accepted,0.00,14.9M,C++14,ECJN202,0,0
34891435,10:46 PM 30/06/20,4,agru,accepted,0.00,6M,C++17,ECJN202,0,0
34891603,10:55 PM 30/06/20,2,appss_07,accepted,0.00,14.9M,C++14,ECJN202,0,0
34891945,11:16 PM 30/06/20,1,overlord_616,wrong answer,0.00,14.9M,C++14,ECJN202,0,0
34892016,11:20 PM 30/06/20,1,overlord_616,wrong answer,0.00,14.9M,C++14,ECJN202,0,0
34892061,11:24 PM 30/06/20,1,overlord_616,wrong answer,0.00,14.9M,C++14,ECJN202,0,0
34892227,11:33 PM 30/06/20,3,sach562,accepted,0.00,14.9M,C++14,ECJN202,0,0
34892268,11:35 PM 30/06/20,0,haroonarfan,runtime error(NZEC),0.02,17.6M,PYTH 3.6,ECJN202,0,0
34892293,11:37 PM 30/06/20,0,haroonarfan,runtime error(NZEC),0.02,17.6M,PYTH 3.6,ECJN202,0,0
34892405,11:43 PM 30/06/20,0,haroonarfan,runtime error(NZEC),0.01,17.5M,PYTH 3.6,ECJN202,0,0
34892418,11:44 PM 30/06/20,0,haroonarfan,runtime error(NZEC),0.02,17.6M,PYTH 3.6,ECJN202,0,0
34892430,11:45 PM 30/06/20,0,haroonarfan,runtime error(NZEC),0.02,17.6M,PYTH 3.6,ECJN202,0,0
34892486,11:48 PM 30/06/20,0,haroonarfan,runtime error(NZEC),0.02,17.6M,PYTH 3.6,ECJN202,0,0
34892500,11:49 PM 30/06/20,2,syedmizbah,wrong answer,0.00,15.7M,C++14,ECJN202,0,0
34892508,11:50 PM 30/06/20,2,syedmizbah,wrong answer,0.00,14.9M,C++14,ECJN202,0,0
34892521,11:50 PM 30/06/20,2,syedmizbah,wrong answer,0.00,14.9M,C++14,ECJN202,0,0
34892548,11:52 PM 30/06/20,2,syedmizbah,accepted,0.00,14.9M,C++14,ECJN202,0,0
34892929,12:20 AM 01/07/20,3,slayer_13,compilation error,-,-,C++14,ECJN202,0,0
34892964,12:22 AM 01/07/20,3,slayer_13,wrong answer,0.00,14.9M,C++14,ECJN202,0,0
34892974,12:23 AM 01/07/20,3,slayer_13,compilation error,-,-,C++14,ECJN202,0,0
34892984,12:24 AM 01/07/20,3,slayer_13,wrong answer,0.00,14.9M,C++14,ECJN202,0,0
34893006,12:25 AM 01/07/20,3,slayer_13,accepted,0.00,14.9M,C++14,ECJN202,0,0
34893064,12:30 AM 01/07/20,3,theyseedesi,wrong answer,0.00,14.9M,C++14,ECJN202,0,0
34893074,12:31 AM 01/07/20,3,theyseedesi,accepted,0.00,14.9M,C++14,ECJN202,0,0
34893247,12:47 AM 01/07/20,1,praveen2105,accepted,0.02,17.6M,PYTH 3.6,ECJN202,0,0
34893635,01:33 AM 01/07/20,2,s_shivam247,wrong answer,0.00,14.9M,C++14,ECJN202,0,0
34893645,01:34 AM 01/07/20,2,s_shivam247,wrong answer,0.00,14.9M,C++14,ECJN202,0,0
34893650,01:34 AM 01/07/20,2,s_shivam247,accepted,0.00,14.9M,C++14,ECJN202,0,0
34893655,01:35 AM 01/07/20,2,s_shivam247,accepted,0.00,14.9M,C++14,ECJN202,0,0
34893789,01:55 AM 01/07/20,5,munch_01,accepted,0.01,17.6M,PYTH 3.6,ECJN202,0,0
34894542,06:47 AM 01/07/20,2,manojyadav1234,wrong answer,0.00,14.9M,C++14,ECJN202,0,0
34894544,06:48 AM 01/07/20,2,manojyadav1234,accepted,0.00,14.9M,C++14,ECJN202,0,0
34894546,06:49 AM 01/07/20,2,manojyadav1234,accepted,0.00,14.9M,C++14,ECJN202,false,true
34894563,06:58 AM 01/07/20,2,himdtu,accepted,0.00,14.9M,C++14,ECJN202,false,true
34894617,07:16 AM 01/07/20,1,tgopi,accepted,0.10,2197M,JAVA,ECJN202,0,0
34894640,07:21 AM 01/07/20,0,noobcoder37,wrong answer,0.10,2133M,JAVA,ECJN202,0,0
34894646,07:22 AM 01/07/20,0,noobcoder37,wrong answer,0.10,2133M,JAVA,ECJN202,0,0
34894660,07:25 AM 01/07/20,0,noobcoder37,wrong answer,0.10,2133M,JAVA,ECJN202,0,0
34894667,07:26 AM 01/07/20,0,noobcoder37,compilation error,-,-,JAVA,ECJN202,0,0
34894672,07:27 AM 01/07/20,0,noobcoder37,wrong answer,0.11,2133M,JAVA,ECJN202,0,0
34894677,07:28 AM 01/07/20,0,noobcoder37,wrong answer,0.11,2133M,JAVA,ECJN202,0,0
34894680,07:29 AM 01/07/20,0,noobcoder37,wrong answer,0.11,2133M,JAVA,ECJN202,0,0
34894694,07:31 AM 01/07/20,0,noobcoder37,wrong answer,0.11,2133M,JAVA,ECJN202,0,0
34894703,07:32 AM 01/07/20,0,noobcoder37,wrong answer,0.10,2133M,JAVA,ECJN202,0,0
34894706,07:33 AM 01/07/20,0,noobcoder37,accepted,0.10,2133M,JAVA,ECJN202,0,0
34894889,08:23 AM 01/07/20,2,vijeta0104,wrong answer,0.00,9.2M,C,ECJN202,0,0
34894929,08:30 AM 01/07/20,2,vijeta0104,wrong answer,0.00,9.2M,C,ECJN202,0,0
34894942,08:32 AM 01/07/20,2,vijeta0104,wrong answer,0.00,9.2M,C,ECJN202,0,0
34895006,08:44 AM 01/07/20,2,vijeta0104,wrong answer,0.00,9.2M,C,ECJN202,0,0
34895013,08:45 AM 01/07/20,2,vijeta0104,wrong answer,0.00,9.2M,C,ECJN202,0,0
34895026,08:48 AM 01/07/20,2,vijeta0104,accepted,0.00,9.2M,C,ECJN202,0,0
34895068,08:54 AM 01/07/20,3,bionic_coder,accepted,0.00,14.9M,C++14,ECJN202,false,true
34895302,09:32 AM 01/07/20,3,vinayak_sharma,wrong answer,0.02,17.6M,PYTH 3.6,ECJN202,0,0
34895325,09:35 AM 01/07/20,3,vinayak_sharma,wrong answer,0.01,17.6M,PYTH 3.6,ECJN202,0,0
34895331,09:35 AM 01/07/20,3,vinayak_sharma,wrong answer,0.01,17.6M,PYTH 3.6,ECJN202,0,0
34895334,09:36 AM 01/07/20,3,vinayak_sharma,wrong answer,0.01,17.6M,PYTH 3.6,ECJN202,0,0
34895349,09:39 AM 01/07/20,3,vinayak_sharma,accepted,0.00,17.6M,PYTH 3.6,ECJN202,0,0
34896162,11:01 AM 01/07/20,0,vjudge5,accepted,0.00,14.9M,C++14,ECJN202,false,true
34896174,11:02 AM 01/07/20,0,vjudge6,wrong answer,0.00,6.7M,C++17,ECJN202,0,0
34896177,11:02 AM 01/07/20,0,vjudge11,wrong answer,0.00,14.9M,C++14,ECJN202,false,true
34896181,11:02 AM 01/07/20,0,vjudge9,accepted,0.00,5.8M,C++17,ECJN202,0,0
34896183,11:02 AM 01/07/20,0,vjudge5,wrong answer,0.00,14.9M,C++14,ECJN202,false,true
34896191,11:03 AM 01/07/20,0,vjudge1,accepted,0.00,15M,C++14,ECJN202,false,true
34896192,11:03 AM 01/07/20,0,vjudge3,accepted,0.00,5.8M,C++17,ECJN202,0,0
34896193,11:03 AM 01/07/20,0,vjudge8,accepted,0.00,6M,C++17,ECJN202,0,0
34896195,11:03 AM 01/07/20,0,vjudge4,accepted,0.00,2.4M,C++17,ECJN202,0,0
34896198,11:03 AM 01/07/20,0,vjudge11,accepted,0.00,5.8M,C++17,ECJN202,0,0
34896199,11:03 AM 01/07/20,0,vjudge6,accepted,0.00,15.5M,C++14,ECJN202,false,true
34896200,11:03 AM 01/07/20,0,vjudge2,accepted,0.00,6.8M,C++17,ECJN202,0,0
34896202,11:03 AM 01/07/20,0,vjudge7,accepted,0.00,5.8M,C++17,ECJN202,0,0
34896209,11:03 AM 01/07/20,0,vjudge1,accepted,0.00,5.8M,C++17,ECJN202,0,0
34896210,11:03 AM 01/07/20,0,vjudge3,wrong answer,0.00,5.8M,C++17,ECJN202,0,0
34896212,11:03 AM 01/07/20,0,vjudge5,accepted,0.00,5.8M,C++17,ECJN202,0,0
34896216,11:03 AM 01/07/20,0,vjudge11,accepted,0.00,6M,C++17,ECJN202,0,0
34896218,11:03 AM 01/07/20,0,vjudge4,wrong answer,0.00,5.8M,C++17,ECJN202,0,0
34896221,11:04 AM 01/07/20,0,vjudge6,accepted,0.00,14.9M,C++14,ECJN202,false,true
34896225,11:04 AM 01/07/20,0,vjudge2,accepted,0.00,15.6M,C++14,ECJN202,false,true
34896226,11:04 AM 01/07/20,0,vjudge9,accepted,0.00,14.9M,C++14,ECJN202,false,true
34896231,11:04 AM 01/07/20,0,vjudge5,accepted,0.00,14.9M,C++14,ECJN202,false,true
34896233,11:04 AM 01/07/20,0,vjudge11,accepted,0.00,5.8M,C++17,ECJN202,0,0
34896235,11:04 AM 01/07/20,0,vjudge1,wrong answer,0.00,14.9M,C++14,ECJN202,false,true
34896242,11:04 AM 01/07/20,0,vjudge9,wrong answer,0.00,14.9M,C++14,ECJN202,false,true
34896243,11:04 AM 01/07/20,0,vjudge2,wrong answer,0.00,5.8M,C++17,ECJN202,0,0
34896245,11:04 AM 01/07/20,0,vjudge6,accepted,0.00,14.9M,C++14,ECJN202,false,true
34896247,11:04 AM 01/07/20,0,vjudge8,accepted,0.00,5.8M,C++17,ECJN202,0,0
34896248,11:04 AM 01/07/20,0,vjudge5,wrong answer,0.00,5.8M,C++17,ECJN202,0,0
34896252,11:05 AM 01/07/20,0,vjudge4,compilation error,-,-,C,ECJN202,0,0
34896253,11:05 AM 01/07/20,0,vjudge9,accepted,0.00,15.7M,C++14,ECJN202,false,true
34896256,11:05 AM 01/07/20,0,vjudge2,accepted,0.00,5.9M,C++17,ECJN202,0,0
34896258,11:05 AM 01/07/20,0,vjudge3,wrong answer,0.00,5.8M,C++17,ECJN202,0,0
34896266,11:05 AM 01/07/20,0,vjudge6,accepted,0.00,14.9M,C++14,ECJN202,false,true
34896267,11:05 AM 01/07/20,0,vjudge8,wrong answer,0.00,5.8M,C++17,ECJN202,0,0
34896268,11:05 AM 01/07/20,0,vjudge11,wrong answer,0.00,5.8M,C++17,ECJN202,0,0
34896272,11:05 AM 01/07/20,0,vjudge4,wrong answer,0.00,14.9M,C++14,ECJN202,false,true
34896276,11:05 AM 01/07/20,0,vjudge7,accepted,0.00,5.8M,C++17,ECJN202,0,0
34896282,11:06 AM 01/07/20,0,vjudge1,accepted,0.00,5.8M,C++17,ECJN202,0,0
34896283,11:06 AM 01/07/20,0,vjudge4,wrong answer,0.00,5.8M,C++17,ECJN202,0,0
34896284,11:06 AM 01/07/20,0,vjudge7,accepted,0.00,14.9M,C++14,ECJN202,false,true
34896285,11:06 AM 01/07/20,0,vjudge8,accepted,0.00,14.9M,C++14,ECJN202,false,true
34896286,11:06 AM 01/07/20,0,vjudge11,accepted,0.00,5.8M,C++17,ECJN202,0,0
34896288,11:06 AM 01/07/20,0,vjudge9,accepted,0.00,14.9M,C++14,ECJN202,false,true
34896294,11:06 AM 01/07/20,0,vjudge2,wrong answer,0.00,5.9M,C++17,ECJN202,0,0
34896298,11:06 AM 01/07/20,0,vjudge5,accepted,0.00,14.9M,C++14,ECJN202,false,true
34896303,11:06 AM 01/07/20,0,vjudge8,accepted,0.00,9.2M,C,ECJN202,0,0
34896306,11:06 AM 01/07/20,0,vjudge7,wrong answer,0.00,5.8M,C++17,ECJN202,0,0
34896308,11:06 AM 01/07/20,0,vjudge3,accepted,0.00,5.8M,C++17,ECJN202,0,0
34896310,11:06 AM 01/07/20,0,vjudge11,wrong answer,0.00,3.3M,C++17,ECJN202,0,0
34896313,11:07 AM 01/07/20,0,vjudge4,accepted,0.00,5.8M,C++17,ECJN202,0,0
34896324,11:07 AM 01/07/20,0,vjudge9,accepted,0.00,14.9M,C++14,ECJN202,false,true
34896327,11:07 AM 01/07/20,0,vjudge4,wrong answer,0.00,15.7M,C++14,ECJN202,false,true
34896328,11:07 AM 01/07/20,0,vjudge8,compilation error,-,-,C++17,ECJN202,0,0
34896330,11:07 AM 01/07/20,0,vjudge6,compilation error,-,-,C++17,ECJN202,0,0
34896345,11:08 AM 01/07/20,0,vjudge9,accepted,0.00,5.9M,C++17,ECJN202,0,0
34896346,11:08 AM 01/07/20,0,vjudge1,accepted,0.00,14.9M,C++14,ECJN202,false,true
34896347,11:08 AM 01/07/20,0,vjudge7,accepted,0.00,5.8M,C++17,ECJN202,0,0
34896357,11:08 AM 01/07/20,0,vjudge8,accepted,0.00,5.8M,C++17,ECJN202,0,0
34896359,11:08 AM 01/07/20,0,vjudge2,accepted,0.00,14.9M,C++14,ECJN202,false,true
34896360,11:08 AM 01/07/20,0,vjudge5,accepted,0.00,9.3M,C++17,ECJN202,0,0
34896366,11:08 AM 01/07/20,0,vjudge8,accepted,0.00,14.9M,C++14,ECJN202,false,true
34896372,11:09 AM 01/07/20,0,vjudge7,accepted,0.00,5.8M,C++17,ECJN202,0,0
34896375,11:09 AM 01/07/20,0,vjudge3,wrong answer,0.00,6.7M,C++17,ECJN202,0,0
34896376,11:09 AM 01/07/20,0,vjudge2,accepted,0.00,14.9M,C++14,ECJN202,false,true
34896399,11:10 AM 01/07/20,0,vjudge1,compilation error,-,-,C++17,ECJN202,0,0
34896407,11:10 AM 01/07/20,0,vjudge7,accepted,0.00,9.2M,C,ECJN202,0,0
34896438,11:11 AM 01/07/20,0,vjudge1,compilation error,-,-,C++17,ECJN202,0,0
34896443,11:12 AM 01/07/20,0,vjudge9,accepted,0.00,14.9M,C++14,ECJN202,false,true
34896446,11:12 AM 01/07/20,0,vjudge6,wrong answer,0.00,14.9M,C++14,ECJN202,false,true
34896450,11:12 AM 01/07/20,0,vjudge7,accepted,0.00,5.8M,C++17,ECJN202,0,0
34896461,11:12 AM 01/07/20,0,vjudge9,wrong answer,0.00,5.8M,C++17,ECJN202,0,0
34896506,11:15 AM 01/07/20,0,vjudge7,wrong answer,0.00,5.8M,C++17,ECJN202,0,0
34896526,11:16 AM 01/07/20,0,vjudge8,wrong answer,0.00,10.1M,C,ECJN202,0,0
34896551,11:17 AM 01/07/20,0,vjudge1,wrong answer,0.00,9.2M,C,ECJN202,0,0
34896557,11:17 AM 01/07/20,0,vjudge4,accepted,0.00,5.8M,C++17,ECJN202,0,0
34896585,11:18 AM 01/07/20,0,vjudge1,accepted,0.00,10.1M,C,ECJN202,0,0
34896592,11:18 AM 01/07/20,0,vjudge6,accepted,0.00,14.9M,C++14,ECJN202,false,true
34896594,11:18 AM 01/07/20,0,vjudge2,accepted,0.00,5.8M,C++17,ECJN202,0,0
34896625,11:20 AM 01/07/20,0,vjudge3,compilation error,-,-,C,ECJN202,0,0
34896647,11:20 AM 01/07/20,0,vjudge6,accepted,0.00,9.2M,C,ECJN202,0,0
34896649,11:20 AM 01/07/20,0,vjudge1,accepted,0.00,5.8M,C++17,ECJN202,0,0
34896709,11:24 AM 01/07/20,0,vjudge11,accepted,0.00,5.8M,C++17,ECJN202,0,0
34896759,11:26 AM 01/07/20,3,egor091,accepted,0.00,14.9M,C++14,ECJN202,false,true
34896836,11:30 AM 01/07/20,3,srajang_123,accepted,0.00,16.1M,C++14,ECJN202,true,true
34896879,11:32 AM 01/07/20,0,vjudge4,accepted,0.00,2.4M,C++17,ECJN202,0,0
34897028,11:39 AM 01/07/20,3,ashharali_786,accepted,0.00,15.7M,C++14,ECJN202,false,true
34897161,11:44 AM 01/07/20,0,vjudge5,accepted,0.00,9.2M,C,ECJN202,0,0
34897342,11:52 AM 01/07/20,0,vjudge4,accepted,0.00,14.9M,C++14,ECJN202,false,true
34897736,12:08 PM 01/07/20,3,c0de_y0da,accepted,0.01,17.6M,PYTH 3.6,ECJN202,0,0
34898413,12:38 PM 01/07/20,4,balakrushna,accepted,0.00,14.9M,C++14,ECJN202,false,true
34899006,01:07 PM 01/07/20,0,chandanbagan27,wrong answer,0.00,14.9M,C++14,ECJN202,false,true
34899013,01:08 PM 01/07/20,0,chandanbagan27,accepted,0.00,14.9M,C++14,ECJN202,false,true
34899253,01:21 PM 01/07/20,2,meghna_1208,accepted,0.00,9.2M,C,ECJN202,0,0
34899510,01:34 PM 01/07/20,2,tom_crusie,accepted,0.00,14.9M,C++14,ECJN202,true,true
34899737,01:46 PM 01/07/20,2,panda_27,accepted,0.01,17.5M,PYTH 3.6,ECJN202,0,0
34900760,02:46 PM 01/07/20,0,kcdrathan,accepted,0.01,17.6M,PYTH 3.6,ECJN202,0,0
34900827,02:50 PM 01/07/20,4,deepak1141,accepted,0.00,14.9M,C++14,ECJN202,false,true
34900946,02:56 PM 01/07/20,4,notsoloud,accepted,0.00,14.9M,C++14,ECJN202,false,true
34900954,02:56 PM 01/07/20,4,notsoloud,accepted,0.00,14.9M,C++14,ECJN202,false,true
34901268,03:11 PM 01/07/20,0,naren8272,wrong answer,0.00,14.9M,C++14,ECJN202,false,true
34901274,03:11 PM 01/07/20,2,shreyash_sohan,wrong answer,0.00,14.9M,C++14,ECJN202,true,true
34901290,03:12 PM 01/07/20,2,shreyash_sohan,wrong answer,0.00,14.9M,C++14,ECJN202,true,true
34901504,03:18 PM 01/07/20,2,shreyash_sohan,wrong answer,0.00,14.9M,C++14,ECJN202,false,true
34901562,03:20 PM 01/07/20,2,shreyash_sohan,wrong answer,0.00,15.7M,C++14,ECJN202,false,true
34901596,03:21 PM 01/07/20,2,shreyash_sohan,wrong answer,0.00,14.9M,C++14,ECJN202,false,true
34901599,03:21 PM 01/07/20,0,naren8272,wrong answer,0.00,14.9M,C++14,ECJN202,false,true
34901634,03:21 PM 01/07/20,2,shreyash_sohan,accepted,0.00,14.9M,C++14,ECJN202,false,true
34901670,03:22 PM 01/07/20,2,shreyash_sohan,accepted,0.00,14.9M,C++14,ECJN202,false,true
34901750,03:24 PM 01/07/20,0,naren8272,wrong answer,0.00,14.9M,C++14,ECJN202,false,true
34901793,03:25 PM 01/07/20,0,naren8272,wrong answer,0.00,14.9M,C++14,ECJN202,false,true
34901848,03:27 PM 01/07/20,0,naren8272,wrong answer,0.00,14.9M,C++14,ECJN202,false,true
34901918,03:28 PM 01/07/20,0,naren8272,wrong answer,0.00,14.9M,C++14,ECJN202,false,true
34901982,03:30 PM 01/07/20,0,naren8272,wrong answer,0.00,14.9M,C++14,ECJN202,false,true
34901997,03:30 PM 01/07/20,1,tiwaripalak01,wrong answer,0.00,1819.5M,C++14,ECJN202,false,true
34902147,03:33 PM 01/07/20,1,tiwaripalak01,runtime error(SIGSEGV),0.00,14.9M,C++14,ECJN202,false,true
34902170,03:34 PM 01/07/20,0,naren8272,wrong answer,0.00,14.9M,C++14,ECJN202,false,true
34902186,03:34 PM 01/07/20,1,tiwaripalak01,wrong answer,0.00,14.9M,C++14,ECJN202,false,true
34902189,03:34 PM 01/07/20,0,naren8272,accepted,0.00,14.9M,C++14,ECJN202,false,true
34902248,03:36 PM 01/07/20,1,tiwaripalak01,wrong answer,0.00,14.9M,C++14,ECJN202,false,true
34902297,03:37 PM 01/07/20,1,tiwaripalak01,accepted,0.00,14.9M,C++14,ECJN202,false,true
34904055,04:15 PM 01/07/20,1,ashutosh0903,accepted,0.01,17.6M,PYTH 3.6,ECJN202,0,0
34904672,04:29 PM 01/07/20,2,destructive_ya,wrong answer,0.00,14.9M,C++14,ECJN202,true,true
34904716,04:31 PM 01/07/20,2,destructive_ya,wrong answer,0.00,14.9M,C++14,ECJN202,true,true
34905087,04:39 PM 01/07/20,2,destructive_ya,wrong answer,0.00,14.9M,C++14,ECJN202,true,true
34905152,04:41 PM 01/07/20,2,alokit35,accepted,0.00,14.9M,C++14,ECJN202,0,0
34905381,04:46 PM 01/07/20,4,cryptobrat,accepted,0.05,2133M,JAVA,ECJN202,0,0
34905535,04:49 PM 01/07/20,2,destructive_ya,accepted,0.00,5.8M,C++17,ECJN202,0,0
34905570,04:50 PM 01/07/20,2,destructive_ya,accepted,0.00,6M,C++17,ECJN202,0,0
34907684,05:43 PM 01/07/20,3,kranuj3122,accepted,0.00,14.9M,C++14,ECJN202,0,0
34907925,05:49 PM 01/07/20,4,suman_2001,accepted,0.02,17.6M,PYTH 3.6,ECJN202,0,0
34908215,05:56 PM 01/07/20,2,tarun_010,accepted,0.11,2133M,JAVA,ECJN202,0,0
34909028,06:19 PM 01/07/20,4,manishk_1999,wrong answer,0.00,14.9M,C++14,ECJN202,0,0
34909058,06:20 PM 01/07/20,4,manishk_1999,accepted,0.00,14.9M,C++14,ECJN202,0,0
34911643,07:52 PM 01/07/20,2,vishsingh0605,accepted,0.00,14.9M,C++14,ECJN202,0,0
34912889,08:42 PM 01/07/20,4,yashgid,accepted,0.00,14.9M,C++14,ECJN202,0,0
34913228,08:57 PM 01/07/20,3,aravind970,accepted,0.00,5.8M,C++17,ECJN202,0,0
34913814,09:25 PM 01/07/20,2,sharanya202,wrong answer,0.00,14.9M,C++14,ECJN202,0,0
34914179,09:41 PM 01/07/20,2,sharanya202,wrong answer,0.00,14.9M,C++14,ECJN202,0,0
34914265,09:45 PM 01/07/20,2,sreesayi,wrong answer,0.00,14.9M,C++14,ECJN202,0,0
34914277,09:46 PM 01/07/20,3,shanu9695,compilation error,-,-,JAVA,ECJN202,0,0
34914285,09:46 PM 01/07/20,2,sharanya202,wrong answer,0.00,14.9M,C++14,ECJN202,0,0
34914317,09:47 PM 01/07/20,2,mukund007,wrong answer,0.00,15.7M,C++14,ECJN202,0,0
34914357,09:49 PM 01/07/20,2,mukund007,wrong answer,0.00,14.9M,C++14,ECJN202,0,0
34914362,09:49 PM 01/07/20,3,shanu9695,wrong answer,0.10,2133M,JAVA,ECJN202,0,0
34914390,09:50 PM 01/07/20,2,sharanya202,wrong answer,0.00,14.9M,C++14,ECJN202,0,0
34914412,09:51 PM 01/07/20,2,sharanya202,wrong answer,0.00,14.9M,C++14,ECJN202,0,0
34914495,09:54 PM 01/07/20,2,sharanya202,wrong answer,0.00,14.9M,C++14,ECJN202,0,0
34914534,09:56 PM 01/07/20,3,shanu9695,accepted,0.10,2133M,JAVA,ECJN202,0,0
34914545,09:57 PM 01/07/20,2,sharanya202,accepted,0.00,14.9M,C++14,ECJN202,0,0
34914736,10:06 PM 01/07/20,2,sreesayi,accepted,0.00,15.7M,C++14,ECJN202,0,0
34914977,10:19 PM 01/07/20,2,mukund007,wrong answer,0.00,15.7M,C++14,ECJN202,0,0
34914991,10:20 PM 01/07/20,2,mukund007,wrong answer,0.00,14.9M,C++14,ECJN202,0,0
34915024,10:21 PM 01/07/20,2,mukund007,compilation error,-,-,C++14,ECJN202,0,0
34915053,10:22 PM 01/07/20,2,mukund007,compilation error,-,-,C++14,ECJN202,0,0
34915079,10:23 PM 01/07/20,2,mukund007,wrong answer,0.00,14.9M,C++14,ECJN202,0,0
34915094,10:24 PM 01/07/20,2,mukund007,wrong answer,0.00,9.2M,C,ECJN202,0,0
34915138,10:25 PM 01/07/20,2,mukund007,wrong answer,0.00,9.2M,C,ECJN202,0,0
34915176,10:26 PM 01/07/20,2,mukund007,wrong answer,0.00,9.2M,C,ECJN202,0,0
34915257,10:29 PM 01/07/20,2,mukund007,wrong answer,0.00,10.1M,C,ECJN202,0,0
34915390,10:35 PM 01/07/20,2,mukund007,wrong answer,0.00,9.2M,C,ECJN202,0,0
34915433,10:36 PM 01/07/20,2,mukund007,wrong answer,0.00,9.2M,C,ECJN202,0,0
34915448,10:37 PM 01/07/20,2,mukund007,accepted,0.00,9.2M,C,ECJN202,0,0
34915473,10:38 PM 01/07/20,2,mukund007,wrong answer,0.00,9.2M,C,ECJN202,0,0
34915764,10:50 PM 01/07/20,2,mukund007,wrong answer,0.00,9.2M,C,ECJN202,0,0
34915997,11:00 PM 01/07/20,2,mukund007,accepted,0.00,9.2M,C,ECJN202,0,0
34917285,12:03 AM 02/07/20,4,supratik16,wrong answer,0.00,14.9M,C++14,ECJN202,0,0
34917353,12:07 AM 02/07/20,4,supratik16,accepted,0.00,14.9M,C++14,ECJN202,0,0
34917904,12:41 AM 02/07/20,3,arshcoder786,accepted,0.02,17.6M,PYTH 3.6,ECJN202,0,0
34918766,01:59 AM 02/07/20,2,nitin11913019,accepted,0.00,14.9M,C++14,ECJN202,0,0
34919178,02:45 AM 02/07/20,2,anime__freak__,wrong answer,0.00,14.9M,C++14,ECJN202,0,0
34920240,07:59 AM 02/07/20,0,vjudge3,accepted,0.00,14.9M,C++14,ECJN202,0,0
34920855,09:15 AM 02/07/20,2,pragya_30,accepted,0.00,14.9M,C++14,ECJN202,0,0
34922757,11:18 AM 02/07/20,1,vikku_19,accepted,0.00,14.9M,C++14,ECJN202,0,0
34922774,11:18 AM 02/07/20,1,praveen2105,accepted,0.01,17.5M,PYTH 3.6,ECJN202,0,0
34923764,12:00 PM 02/07/20,2,koyavasudha321,compilation error,-,-,C++14,ECJN202,0,0
34923831,12:02 PM 02/07/20,2,koyavasudha321,wrong answer,0.00,15.7M,C++14,ECJN202,0,0
34923883,12:05 PM 02/07/20,2,koyavasudha321,accepted,0.00,14.9M,C++14,ECJN202,0,0
34925591,01:12 PM 02/07/20,2,bnti,accepted,0.00,14.9M,C++14,ECJN202,0,0
34925913,01:24 PM 02/07/20,2,nitesh_sinha_,runtime error(NZEC),0.02,17.6M,PYTH 3.6,ECJN202,0,0
34926055,01:29 PM 02/07/20,2,nitesh_sinha_,runtime error(NZEC),0.02,17.6M,PYTH 3.6,ECJN202,0,0
34926142,01:32 PM 02/07/20,2,nitesh_sinha_,runtime error(NZEC),0.01,17.5M,PYTH 3.6,ECJN202,0,0
34926167,01:33 PM 02/07/20,2,nitesh_sinha_,runtime error(NZEC),0.02,17.6M,PYTH 3.6,ECJN202,0,0
34926233,01:36 PM 02/07/20,2,nitesh_sinha_,runtime error(NZEC),0.02,17.6M,PYTH 3.6,ECJN202,0,0
34926267,01:38 PM 02/07/20,2,nitesh_sinha_,runtime error(NZEC),0.01,17.6M,PYTH 3.6,ECJN202,0,0
34926275,01:38 PM 02/07/20,2,nitesh_sinha_,runtime error(NZEC),0.02,17.6M,PYTH 3.6,ECJN202,0,0
34926287,01:39 PM 02/07/20,2,nitesh_sinha_,accepted,0.00,17.6M,PYTH 3.6,ECJN202,0,0
34926360,01:42 PM 02/07/20,2,nitesh_sinha_,runtime error(NZEC),0.01,17.6M,PYTH 3.6,ECJN202,0,0
34926381,01:42 PM 02/07/20,2,nitesh_sinha_,runtime error(NZEC),0.02,17.6M,PYTH 3.6,ECJN202,0,0
34926411,01:43 PM 02/07/20,2,nitesh_sinha_,accepted,0.01,17.6M,PYTH 3.6,ECJN202,0,0
34926466,01:45 PM 02/07/20,2,coder_indian4,accepted,0.02,17.6M,PYTH 3.6,ECJN202,0,0
34927730,02:36 PM 02/07/20,1,harshvcode,accepted,0.00,14.9M,C++14,ECJN202,0,0
34927833,02:40 PM 02/07/20,2,shivarajabbi,accepted,0.00,14.9M,C++14,ECJN202,0,0
34927865,02:42 PM 02/07/20,2,akshita29,wrong answer,0.11,2133M,JAVA,ECJN202,0,0
34927991,02:46 PM 02/07/20,2,akshita29,wrong answer,0.11,2133M,JAVA,ECJN202,0,0
34928058,02:49 PM 02/07/20,3,ganesh0403,accepted,0.02,17.6M,PYTH 3.6,ECJN202,0,0
34928074,02:50 PM 02/07/20,0,illusion_hu,wrong answer,0.00,14.9M,C++14,ECJN202,0,0
34928157,02:53 PM 02/07/20,2,akshita29,accepted,0.10,2133M,JAVA,ECJN202,0,0
34928174,02:54 PM 02/07/20,0,illusion_hu,accepted,0.00,14.9M,C++14,ECJN202,0,0
34928205,02:55 PM 02/07/20,0,illusion_hu,accepted,0.00,14.9M,C++14,ECJN202,0,0
34928735,03:23 PM 02/07/20,2,ramadevi110304,wrong answer,0.01,17.6M,PYTH 3.6,ECJN202,0,0
34928961,03:38 PM 02/07/20,3,dumble_dore,accepted,0.00,14.9M,C++14,ECJN202,0,0
34929124,03:47 PM 02/07/20,2,ramadevi110304,wrong answer,0.02,17.6M,PYTH 3.6,ECJN202,0,0
34929190,03:51 PM 02/07/20,2,ramadevi110304,wrong answer,0.01,17.6M,PYTH 3.6,ECJN202,0,0
34929222,03:53 PM 02/07/20,2,ramadevi110304,accepted,0.02,17.6M,PYTH 3.6,ECJN202,0,0
34929844,04:32 PM 02/07/20,2,arihant_10,accepted,0.00,14.9M,C++14,ECJN202,0,0
34929890,04:35 PM 02/07/20,1,saquibabrar,wrong answer,0.00,9.2M,C,ECJN202,0,0
34930003,04:42 PM 02/07/20,1,saquibabrar,accepted,0.00,9.2M,C,ECJN202,0,0
34931687,06:12 PM 02/07/20,4,one68_,accepted,0.00,14.9M,C++14,ECJN202,0,0
34931803,06:17 PM 02/07/20,3,hoe9666,wrong answer,0.00,14.9M,C++14,ECJN202,0,0
34933221,07:25 PM 02/07/20,3,nalinkumar303,wrong answer,0.00,9.5M,C,ECJN202,0,0
34933257,07:26 PM 02/07/20,3,nalinkumar303,accepted,0.00,9.5M,C,ECJN202,0,0
34934813,08:25 PM 02/07/20,2,satyam_dwivedi,accepted,0.00,9.2M,C,ECJN202,0,0
34934992,08:33 PM 02/07/20,2,biswajit856,wrong answer,0.00,14.9M,C++14,ECJN202,0,0
34935030,08:35 PM 02/07/20,2,biswajit856,wrong answer,0.00,14.9M,C++14,ECJN202,0,0
34935171,08:41 PM 02/07/20,2,biswajit856,compilation error,-,-,C,ECJN202,0,0
34935190,08:41 PM 02/07/20,2,biswajit856,accepted,0.00,9.2M,C,ECJN202,0,0
34935300,08:46 PM 02/07/20,2,amish740811,accepted,0.04,2133M,JAVA,ECJN202,0,0
34935425,08:51 PM 02/07/20,2,pritesh19singh,accepted,0.00,9.2M,C,ECJN202,0,0
34936210,09:27 PM 02/07/20,2,hrshksh_mshr,wrong answer,0.00,14.9M,C++14,ECJN202,0,0
34937498,10:39 PM 02/07/20,2,abhi_3027,accepted,0.00,14.9M,C++14,ECJN202,0,0
34938412,11:30 PM 02/07/20,2,muskan26,accepted,0.00,14.9M,C++14,ECJN202,0,0
34940699,06:44 AM 03/07/20,0,power_1,runtime error(SIGSEGV),0.00,14.9M,C++14,ECJN202,0,0
34940701,06:44 AM 03/07/20,0,power_1,accepted,0.00,14.9M,C++14,ECJN202,0,0
34940997,08:19 AM 03/07/20,2,an_sharma,accepted,0.00,15.7M,C++14,ECJN202,0,0
34941386,09:27 AM 03/07/20,2,sejalfarkya,accepted,0.00,14.9M,C++14,ECJN202,0,0
34941629,09:52 AM 03/07/20,1,prasanth0597,accepted,0.00,14.9M,C++14,ECJN202,0,0
34942093,10:32 AM 03/07/20,3,meesha123,accepted,0.00,14.9M,C++14,ECJN202,0,0
34942322,10:48 AM 03/07/20,2,ash_kat,accepted,0.00,14.9M,C++14,ECJN202,0,0
34943235,11:49 AM 03/07/20,3,jasoria18,accepted,0.00,14.9M,C++14,ECJN202,0,0
34943318,11:55 AM 03/07/20,1,paypal,accepted,0.01,17.5M,PYTH 3.6,ECJN202,0,0
34943364,11:57 AM 03/07/20,1,paypal,wrong answer,0.01,17.6M,PYTH 3.6,ECJN202,0,0
34943464,12:02 PM 03/07/20,1,paypal,accepted,0.01,17.6M,PYTH 3.6,ECJN202,0,0
34943591,12:12 PM 03/07/20,3,anubhav_0112,compilation error,-,-,JAVA,ECJN202,0,0
34943606,12:13 PM 03/07/20,3,anubhav_0112,wrong answer,0.06,2133M,JAVA,ECJN202,0,0
34943622,12:14 PM 03/07/20,3,anubhav_0112,wrong answer,0.07,2133M,JAVA,ECJN202,0,0
34943638,12:15 PM 03/07/20,3,anubhav_0112,accepted,0.10,2133M,JAVA,ECJN202,0,0
34944070,12:37 PM 03/07/20,3,dxtdxxry,accepted,0.00,14.9M,C++14,ECJN202,0,0
34944735,01:14 PM 03/07/20,3,ankitanand617,accepted,0.00,14.9M,C++14,ECJN202,0,0
34945749,02:16 PM 03/07/20,2,justbeginner,accepted,0.02,17.6M,PYTH 3.6,ECJN202,0,0
34980342,06:06 PM 03/07/20,3,an261998,wrong answer,0.02,17.6M,PYTH 3.6,ECJN202,0,0
34980539,06:07 PM 03/07/20,3,an261998,accepted,0.01,17.6M,PYTH 3.6,ECJN202,0,0
34988578,07:09 PM 03/07/20,4,veteran_,accepted,0.00,14.9M,C++14,ECJN202,0,0
35005779,09:27 PM 03/07/20,3,sattu_1234,wrong answer,0.00,14.9M,C++14,ECJN202,0,0
35035260,07:25 AM 04/07/20,3,newp12,accepted,0.00,14.9M,C++14,ECJN202,0,0
35049607,12:05 PM 04/07/20,2,imran_92,runtime error(SIGSEGV),0.00,14.9M,C++14,ECJN202,0,0
35057868,01:34 PM 04/07/20,2,anuj_761212,wrong answer,0.00,5.8M,C++17,ECJN202,0,0
35058046,01:36 PM 04/07/20,2,imran_92,runtime error(SIGSEGV),0.00,14.9M,C++14,ECJN202,0,0
35058206,01:38 PM 04/07/20,2,anuj_761212,wrong answer,0.00,15.7M,C++14,ECJN202,0,0
35058322,01:39 PM 04/07/20,2,imran_92,runtime error(SIGSEGV),0.00,14.9M,C++14,ECJN202,0,0
35058380,01:39 PM 04/07/20,2,imran_92,accepted,0.00,14.9M,C++14,ECJN202,0,0
35059757,01:55 PM 04/07/20,2,anuj_761212,wrong answer,0.00,5.8M,C++17,ECJN202,0,0
35060664,02:06 PM 04/07/20,3,mr_24,accepted,0.00,14.9M,C++14,ECJN202,0,0
35061312,02:14 PM 04/07/20,2,anuj_761212,accepted,0.00,5.8M,C++17,ECJN202,0,0
35076329,05:07 PM 04/07/20,2,kaletanmay25,wrong answer,0.00,6M,C++17,ECJN202,0,0
35077278,05:18 PM 04/07/20,0,harry2020,accepted,0.00,14.9M,C++14,ECJN202,0,0
35079316,05:42 PM 04/07/20,2,kaletanmay25,wrong answer,0.00,15.7M,C++14,ECJN202,0,0
35079676,05:46 PM 04/07/20,2,kaletanmay25,wrong answer,0.00,15M,C++14,ECJN202,0,0
35102011,10:50 PM 04/07/20,4,shivamsaluja20,wrong answer,0.00,14.9M,C++14,ECJN202,0,0
35102070,10:51 PM 04/07/20,4,shivamsaluja20,wrong answer,0.00,14.9M,C++14,ECJN202,0,0
35102114,10:52 PM 04/07/20,4,shivamsaluja20,accepted,0.00,14.9M,C++14,ECJN202,0,0
35102158,10:52 PM 04/07/20,4,shivamsaluja20,accepted,0.00,14.9M,C++14,ECJN202,0,0
35111607,01:53 AM 05/07/20,5,cute_one,accepted,0.00,14.9M,C++14,ECJN202,0,0
35141269,03:30 PM 05/07/20,2,sam_384,accepted,0.00,14.9M,C++14,ECJN202,0,0
35143181,03:56 PM 05/07/20,2,amiyo900,wrong answer,0.00,14.9M,C++14,ECJN202,0,0
35143884,04:05 PM 05/07/20,2,amiyo900,accepted,0.00,14.9M,C++14,ECJN202,0,0
35149215,05:21 PM 05/07/20,2,sonunegi,accepted,0.00,9.2M,C,ECJN202,0,0
35170104,10:22 PM 05/07/20,3,shaktimaaan,accepted,0.00,14.9M,C++14,ECJN202,0,0
35170274,10:24 PM 05/07/20,3,shaktimaaan,accepted,0.00,14.9M,C++14,ECJN202,0,0
35172898,11:01 PM 05/07/20,2,saggitarius,wrong answer,0.10,2133M,JAVA,ECJN202,0,0
35172951,11:02 PM 05/07/20,2,saggitarius,wrong answer,0.11,2133M,JAVA,ECJN202,0,0
35173062,11:04 PM 05/07/20,2,saggitarius,wrong answer,0.10,2133M,JAVA,ECJN202,0,0
35173574,11:12 PM 05/07/20,2,saggitarius,accepted,0.10,2133M,JAVA,ECJN202,0,0
35190670,10:38 AM 06/07/20,1,suhani129,accepted,0.00,14.9M,C++14,ECJN202,0,0
35190696,10:39 AM 06/07/20,1,suhani129,accepted,0.00,14.9M,C++14,ECJN202,0,0
35198818,12:57 PM 06/07/20,2,manish76,wrong answer,0.00,15.7M,C++14,ECJN202,0,0
35198846,12:57 PM 06/07/20,2,manish76,accepted,0.00,14.9M,C++14,ECJN202,0,0
35203127,02:01 PM 06/07/20,2,shiv_2000,accepted,0.01,17.6M,PYTH 3.6,ECJN202,0,0
35218866,05:48 PM 06/07/20,1,stormbreakers9,accepted,0.00,14.9M,C++14,ECJN202,0,0
35270076,01:26 PM 07/07/20,1,bosecodes,runtime error(NZEC),0.01,17.6M,PYTH 3.6,ECJN202,0,0
35270183,01:27 PM 07/07/20,1,bosecodes,runtime error(NZEC),0.01,17.6M,PYTH 3.6,ECJN202,0,0
35270284,01:29 PM 07/07/20,1,bosecodes,accepted,0.01,17.6M,PYTH 3.6,ECJN202,0,0
35315340,01:13 AM 08/07/20,3,bhavana2304,accepted,0.05,2133M,JAVA,ECJN202,0,0
35320538,07:43 AM 08/07/20,2,wicked_knight,accepted,0.02,17.6M,PYTH 3.6,ECJN202,0,0
35323119,09:57 AM 08/07/20,2,naman27052002,wrong answer,0.00,14.9M,C++14,ECJN202,0,0
35323289,10:02 AM 08/07/20,2,naman27052002,accepted,0.00,14.9M,C++14,ECJN202,0,0
35323298,10:03 AM 08/07/20,0,sheldon_44444,wrong answer,0.11,2133M,JAVA,ECJN202,0,0
35359359,09:17 PM 08/07/20,2,vidit06,wrong answer,0.00,5.8M,C++17,ECJN202,0,0
35359566,09:20 PM 08/07/20,2,vidit06,wrong answer,0.00,5.8M,C++17,ECJN202,0,0
35366083,11:23 PM 08/07/20,2,vidit06,wrong answer,0.00,5.8M,C++17,ECJN202,0,0
35366123,11:24 PM 08/07/20,2,vidit06,accepted,0.00,5.8M,C++17,ECJN202,0,0
35436322,01:22 PM 10/07/20,2,sravani5767,accepted,0.00,14.9M,C++14,ECJN202,0,0
35451373,06:41 PM 10/07/20,2,peace222,wrong answer,0.00,15.7M,C++14,ECJN202,0,0
35451400,06:41 PM 10/07/20,2,peace222,wrong answer,0.00,14.9M,C++14,ECJN202,0,0
35451480,06:43 PM 10/07/20,2,peace222,wrong answer,0.00,15.7M,C++14,ECJN202,0,0
35451729,06:49 PM 10/07/20,2,peace222,runtime error(SIGFPE),0.00,14.9M,C++14,ECJN202,0,0
35451897,06:53 PM 10/07/20,2,peace222,runtime error(SIGFPE),0.00,14.9M,C++14,ECJN202,0,0
35451917,06:54 PM 10/07/20,2,peace222,runtime error(SIGFPE),0.00,14.9M,C++14,ECJN202,0,0
35451974,06:55 PM 10/07/20,2,peace222,runtime error(SIGFPE),0.00,14.9M,C++14,ECJN202,0,0
35452054,06:57 PM 10/07/20,2,peace222,accepted,0.00,15.7M,C++14,ECJN202,0,0
35453053,07:21 PM 10/07/20,1,a2k5,accepted,0.00,9.2M,C,ECJN202,0,0
35458442,09:10 PM 10/07/20,1,harsh_100,compilation error,-,-,C++14,ECJN202,false,true
35458477,09:11 PM 10/07/20,1,harsh_100,wrong answer,0.00,14.9M,C++14,ECJN202,false,true
35458577,09:13 PM 10/07/20,1,harsh_100,accepted,0.06,87.1M,PYPY3,ECJN202,0,0
35469247,01:17 AM 11/07/20,2,abhishek094sha,wrong answer,0.02,17.5M,PYTH 3.6,ECJN202,0,0
35469285,01:19 AM 11/07/20,2,abhishek094sha,accepted,0.01,17.6M,PYTH 3.6,ECJN202,0,0
35471019,02:30 AM 11/07/20,2,surjit_2001,accepted,0.00,5.8M,C++17,ECJN202,0,0
35510756,11:13 PM 11/07/20,3,khan_0786,accepted,0.11,2133M,JAVA,ECJN202,0,0
35555345,10:19 PM 12/07/20,1,manusoni7,wrong answer,0.00,14.9M,C++14,ECJN202,false,true
35569190,03:57 AM 13/07/20,2,heisenberg1208,accepted,0.00,6M,C++17,ECJN202,0,0
35610171,08:43 PM 13/07/20,4,saurav_iiitp,wrong answer,0.00,6M,C++17,ECJN202,0,0
35610187,08:43 PM 13/07/20,4,saurav_iiitp,accepted,0.00,6.7M,C++17,ECJN202,0,0
35611821,09:59 PM 13/07/20,2,sravya621,wrong answer,0.00,14.9M,C++14,ECJN202,false,true
35611843,10:00 PM 13/07/20,2,sravya621,accepted,0.00,15.7M,C++14,ECJN202,false,true
35612112,10:12 PM 13/07/20,2,pawanjain982,compilation error,-,-,JAVA,ECJN202,0,0
35612127,10:13 PM 13/07/20,2,pawanjain982,accepted,0.10,2133M,JAVA,ECJN202,0,0
35622590,01:57 PM 14/07/20,2,pawanjain982,accepted,0.11,2133M,JAVA,ECJN202,0,0
35623065,02:23 PM 14/07/20,2,aishani1510,accepted,0.00,14.9M,C++14,ECJN202,false,true
35630284,07:33 PM 14/07/20,4,ns_98,accepted,0.00,14.9M,C++14,ECJN202,false,true
35630710,07:50 PM 14/07/20,2,shubhangi08,accepted,0.00,9.2M,C,ECJN202,0,0
35630746,07:51 PM 14/07/20,2,shubhangi08,accepted,0.00,9.2M,C,ECJN202,0,0
35636758,01:27 AM 15/07/20,3,dexter_martin,accepted,0.00,15.7M,C++14,ECJN202,false,true
35647397,05:41 PM 15/07/20,2,niteshk2,accepted,0.02,17.6M,PYTH 3.6,ECJN202,0,0
35649621,07:31 PM 15/07/20,2,aks_643,accepted,0.00,14.9M,C++14,ECJN202,false,true
35651023,08:36 PM 15/07/20,2,io_0i,accepted,0.00,6M,C++17,ECJN202,0,0
35701021,01:46 PM 16/07/20,2,xblaze,accepted,0.00,15.7M,C++14,ECJN202,0,0
35702090,02:30 PM 16/07/20,4,me123456,wrong answer,0.00,14.9M,C++14,ECJN202,0,0
35702101,02:31 PM 16/07/20,4,me123456,accepted,0.00,14.9M,C++14,ECJN202,0,0
35703518,03:29 PM 16/07/20,2,cs_18010132,accepted,0.00,14.9M,C++14,ECJN202,0,0
35704497,04:12 PM 16/07/20,2,pratiksingh_20,accepted,0.10,2133M,JAVA,ECJN202,0,0
35706063,05:18 PM 16/07/20,3,saibharath945,accepted,0.01,17.5M,PYTH 3.6,ECJN202,0,0
35707653,06:27 PM 16/07/20,2,bhuvan337,accepted,0.00,14.9M,C++14,ECJN202,0,0
35713248,10:38 PM 16/07/20,4,akash19jain,accepted,0.00,9.2M,C,ECJN202,0,0
35720558,12:32 PM 17/07/20,2,goku_1555,accepted,0.00,14.9M,C++14,ECJN202,0,0
35721291,01:06 PM 17/07/20,1,smriti143,accepted,0.00,14.9M,C++14,ECJN202,0,0
35721311,01:07 PM 17/07/20,1,smriti143,accepted,0.00,14.9M,C++14,ECJN202,0,0
35725799,05:22 PM 17/07/20,3,sattu_1234,accepted,0.00,14.9M,C++14,ECJN202,0,0
35739766,12:47 PM 18/07/20,3,codesmaster,accepted,0.00,6M,C++17,ECJN202,0,0
35742886,03:51 PM 18/07/20,3,advitech,accepted,0.00,14.9M,C++14,ECJN202,0,0
35744166,05:04 PM 18/07/20,3,lokendrayadav,wrong answer,0.01,17.6M,PYTH 3.6,ECJN202,0,0
35744184,05:05 PM 18/07/20,3,lokendrayadav,accepted,0.02,17.5M,PYTH 3.6,ECJN202,0,0
35767096,11:38 AM 19/07/20,3,darshjain,accepted,0.00,9.2M,C,ECJN202,0,0
35772186,04:05 PM 19/07/20,3,vedangkanhed8,accepted,0.00,15.7M,C++14,ECJN202,0,0
35826549,01:01 PM 20/07/20,3,cj_exe,accepted,0.00,6M,C++17,ECJN202,0,0
35842775,09:51 PM 20/07/20,2,asjad1007,accepted,0.00,9.2M,C,ECJN202,0,0
35847063,01:04 AM 21/07/20,4,anurag23_,accepted,0.00,14.9M,C++14,ECJN202,0,0
35854618,03:03 PM 21/07/20,3,teja9299,accepted,0.00,14.9M,C++14,ECJN202,0,0
35863066,11:08 PM 21/07/20,3,akhil_29071991,accepted,0.00,15.7M,C++14,ECJN202,0,0
35873643,05:52 PM 22/07/20,2,chandlermbing,accepted,0.02,17.6M,PYTH 3.6,ECJN202,0,0
35877278,09:18 PM 22/07/20,3,kitkatreddy,accepted,0.00,14.9M,C++14,ECJN202,0,0
35886949,03:08 PM 23/07/20,2,yaswanth3100,wrong answer,0.10,2133M,JAVA,ECJN202,0,0
35887067,03:16 PM 23/07/20,2,yaswanth3100,accepted,0.10,2133M,JAVA,ECJN202,0,0
35901272,01:03 PM 24/07/20,2,sumanth_01,wrong answer,0.02,17.6M,PYTH 3.6,ECJN202,0,0
35901294,01:04 PM 24/07/20,2,sumanth_01,accepted,0.01,17.5M,PYTH 3.6,ECJN202,0,0
35902640,02:43 PM 24/07/20,0,karanvish9617,wrong answer,0.10,2133M,JAVA,ECJN202,0,0
35902643,02:44 PM 24/07/20,0,karanvish9617,accepted,0.10,2133M,JAVA,ECJN202,0,0
35904948,05:18 PM 24/07/20,0,aspbaker,accepted,0.00,14.9M,C++14,ECJN202,0,0
35905017,05:22 PM 24/07/20,3,indresh584,accepted,0.00,14.9M,C++14,ECJN202,0,0
36022471,11:38 PM 25/07/20,0,rizwan21,wrong answer,0.00,9.2M,C,ECJN202,0,0
36022561,11:41 PM 25/07/20,0,rizwan21,accepted,0.00,9.2M,C,ECJN202,0,0
36046035,08:01 PM 26/07/20,2,vijayasri98,accepted,0.00,14.9M,C++14,ECJN202,0,0
36069989,04:27 AM 28/07/20,0,laxmi_chand,accepted,0.02,17.6M,PYTH 3.6,ECJN202,0,0
36091362,01:08 PM 29/07/20,0,preacher17,accepted,0.00,14.9M,C++14,ECJN202,0,0
36113575,03:52 PM 30/07/20,2,dhoni_24,accepted,0.00,15.7M,C++14,ECJN202,0,0
36113583,03:52 PM 30/07/20,2,abhishek_42u,wrong answer,0.00,15.7M,C++14,ECJN202,0,0
36113606,03:53 PM 30/07/20,2,abhishek_42u,accepted,0.00,14.9M,C++14,ECJN202,0,0
36119993,09:47 PM 30/07/20,3,xcoder_29,accepted,0.05,2133M,JAVA,ECJN202,0,0
36145754,10:59 AM 01/08/20,2,tanishq1710h,accepted,0.00,14.9M,C++14,ECJN202,0,0
36147834,01:06 PM 01/08/20,0,preethamohan20,wrong answer,0.00,9.2M,C,ECJN202,0,0
36165133,04:15 PM 02/08/20,2,anuranjan_0803,wrong answer,0.00,5.8M,C++17,ECJN202,0,0
36165170,04:17 PM 02/08/20,2,anuranjan_0803,wrong answer,0.00,5.8M,C++17,ECJN202,0,0
36165388,04:27 PM 02/08/20,2,anuranjan_0803,accepted,0.00,6.7M,C++17,ECJN202,0,0
36172426,01:37 AM 03/08/20,3,nightcruiser,accepted,0.02,17.6M,PYTH 3.6,ECJN202,0,0
36172428,01:37 AM 03/08/20,2,akshaykalucha,accepted,0.01,17.6M,PYTH 3.6,ECJN202,0,0
36189059,02:05 PM 04/08/20,0,xeneth08,accepted,0.11,2133M,JAVA,ECJN202,0,0
36191667,05:16 PM 04/08/20,4,hydro_lyte,accepted,0.00,15.6M,C++14,ECJN202,0,0
36192030,05:40 PM 04/08/20,2,vishesh_07,wrong answer,0.00,14.9M,C++14,ECJN202,0,0
36192040,05:41 PM 04/08/20,2,vishesh_07,accepted,0.00,14.9M,C++14,ECJN202,0,0
36204868,05:20 PM 05/08/20,3,akshar123,wrong answer,0.00,14.9M,C++14,ECJN202,0,0
36204882,05:22 PM 05/08/20,3,akshar123,accepted,0.00,14.9M,C++14,ECJN202,0,0
36208222,10:00 PM 05/08/20,0,hsrah1209,wrong answer,0.00,14.9M,C++14,ECJN202,0,0
36208318,10:13 PM 05/08/20,0,hsrah1209,wrong answer,0.00,14.9M,C++14,ECJN202,0,0
36208325,10:14 PM 05/08/20,0,hsrah1209,accepted,0.00,14.9M,C++14,ECJN202,0,0
36378068,15 hours ago,2,mukund19,wrong answer,0.00,14.9M,C++14,ECJN202,0,0
36378123,15 hours ago,2,mukund19,accepted,0.00,14.9M,C++14,ECJN202,0,0
36191667,05:16 PM 04/08/20,4,hydro_lyte,accepted,0.00,15.6M,C++14,ECJN202,0,0
36192030,05:40 PM 04/08/20,2,vishesh_07,wrong answer,0.00,14.9M,C++14,ECJN202,0,0
36192040,05:41 PM 04/08/20,2,vishesh_07,accepted,0.00,14.9M,C++14,ECJN202,0,0
36204868,05:20 PM 05/08/20,3,akshar123,wrong answer,0.00,14.9M,C++14,ECJN202,0,0
36204882,05:22 PM 05/08/20,3,akshar123,accepted,0.00,14.9M,C++14,ECJN202,0,0
36208222,10:00 PM 05/08/20,0,hsrah1209,wrong answer,0.00,14.9M,C++14,ECJN202,0,0
36208318,10:13 PM 05/08/20,0,hsrah1209,wrong answer,0.00,14.9M,C++14,ECJN202,0,0
36208325,10:14 PM 05/08/20,0,hsrah1209,accepted,0.00,14.9M,C++14,ECJN202,0,0
36378068,15 hours ago,2,mukund19,wrong answer,0.00,14.9M,C++14,ECJN202,0,0
36378123,15 hours ago,2,mukund19,accepted,0.00,14.9M,C++14,ECJN202,0,0
